A7jBa8nJZxQ9RArUJlRgXOQbc5Y2|03qJv4WzHoKBslyT6bcw
A7jBa8nJZxQ9RArUJlRgXOQbc5Y2|0cCtsXbwGQqu7LoLIFmv
A7jBa8nJZxQ9RArUJlRgXOQbc5Y2|0cHxbCxG7mY7xA7l1Dpn
A7jBa8nJZxQ9RArUJlRgXOQbc5Y2|0tOD2R8VprURTzYF4b9m
A7jBa8nJZxQ9RArUJlRgXOQbc5Y2|0zwT3y7XarK0kA2m6459
A7jBa8nJZxQ9RArUJlRgXOQbc5Y2|1Q30dEBi2W6i358rT2g4
A7jBa8nJZxQ9RArUJlRgXOQbc5Y2|20EI9jhYnDyhjYX79yCH
A7jBa8nJZxQ9RArUJlRgXOQbc5Y2|2ZIjNxeaNXgZS3KHhMUP
A7jBa8nJZxQ9RArUJlRgXOQbc5Y2|2ffKEUPN9bWtWmYMfo8C
A7jBa8nJZxQ9RArUJlRgXOQbc5Y2|2gs3DUIYZuaXqgZtU0bs
A7jBa8nJZxQ9RArUJlRgXOQbc5Y2|2sGL2xUGipXFhuTiv6yW
A7jBa8nJZxQ9RArUJlRgXOQbc5Y2|2suTIt6CxtXy6j7dnAaH
A7jBa8nJZxQ9RArUJlRgXOQbc5Y2|32JR4GcAFMlyqvzR3LoP
A7jBa8nJZxQ9RArUJlRgXOQbc5Y2|3HDnaI0Tifr70zhnaPK8
A7jBa8nJZxQ9RArUJlRgXOQbc5Y2|3Kcolr6Llq9geCIQ6RQ7
A7jBa8nJZxQ9RArUJlRgXOQbc5Y2|3T805En1xjLM7v1otfWW
A7jBa8nJZxQ9RArUJlRgXOQbc5Y2|3cOmZEqJC7qH2IVGxRiw
A7jBa8nJZxQ9RArUJlRgXOQbc5Y2|3cSCaJVIW6nwFfaqOTBx
A7jBa8nJZxQ9RArUJlRgXOQbc5Y2|3gDDKe1ZQgQF8KZnjQhy
A7jBa8nJZxQ9RArUJlRgXOQbc5Y2|3q2W3b0EKePJifmPEgDc
A7jBa8nJZxQ9RArUJlRgXOQbc5Y2|4Dhp4WbkatmbhHjXhSGm
A7jBa8nJZxQ9RArUJlRgXOQbc5Y2|4E8f8vxQkdziiqQaXqp1
A7jBa8nJZxQ9RArUJlRgXOQbc5Y2|4FK6VC5Y1Wq3DAiXCfix
A7jBa8nJZxQ9RArUJlRgXOQbc5Y2|4GMHtmQ3hI0XZqBcd5xh
A7jBa8nJZxQ9RArUJlRgXOQbc5Y2|4MwWuvbsMixmFQ833hPy
A7jBa8nJZxQ9RArUJlRgXOQbc5Y2|4OOmxOSXl4C69zGwa5pN
A7jBa8nJZxQ9RArUJlRgXOQbc5Y2|4Vg5mbuEMiXsSLtjxXil
A7jBa8nJZxQ9RArUJlRgXOQbc5Y2|4cZ4BT60EkXGG51vObIq
A7jBa8nJZxQ9RArUJlRgXOQbc5Y2|4cgzaVfIfvUN75tEyrDU
A7jBa8nJZxQ9RArUJlRgXOQbc5Y2|4gMqmSyUFk7D0pvzlXii
A7jBa8nJZxQ9RArUJlRgXOQbc5Y2|5LWMrqRdfAsrYjtQIXgH
A7jBa8nJZxQ9RArUJlRgXOQbc5Y2|5PrTkh48sy41zZhJR0zj
A7jBa8nJZxQ9RArUJlRgXOQbc5Y2|5ZK5OGI46LFvexOL9kPX
A7jBa8nJZxQ9RArUJlRgXOQbc5Y2|5cuwHLDgCmvmvXnjZLAD
A7jBa8nJZxQ9RArUJlRgXOQbc5Y2|6FZSzQjhR5oAWFp04EeI
A7jBa8nJZxQ9RArUJlRgXOQbc5Y2|6UMDl79uSsFpnTDhWcIc
A7jBa8nJZxQ9RArUJlRgXOQbc5Y2|6et0gXzMO2N3QTLnag8N
A7jBa8nJZxQ9RArUJlRgXOQbc5Y2|6iemBOQjdVIjewMVtBpS
A7jBa8nJZxQ9RArUJlRgXOQbc5Y2|6w1fAu8gnSclQEt6tG69
A7jBa8nJZxQ9RArUJlRgXOQbc5Y2|6wOTPZ1CEW7nCrSq3zeO
A7jBa8nJZxQ9RArUJlRgXOQbc5Y2|7knqVmvDB7wbUZkNnmND
A7jBa8nJZxQ9RArUJlRgXOQbc5Y2|8FVjs8dXoSLPZ3nyN0AS
A7jBa8nJZxQ9RArUJlRgXOQbc5Y2|8RW9q9fqJVjX08Eqpb21
A7jBa8nJZxQ9RArUJlRgXOQbc5Y2|93NFKGAegeyH8KUTlJ4g
A7jBa8nJZxQ9RArUJlRgXOQbc5Y2|94skQfrmLuKJTc2HxxCe
A7jBa8nJZxQ9RArUJlRgXOQbc5Y2|98Ksy5vMldMswNPI4EDL
A7jBa8nJZxQ9RArUJlRgXOQbc5Y2|C1Qm73hrFiS1LD7q90RG
A7jBa8nJZxQ9RArUJlRgXOQbc5Y2|CFRuUH1RlhPRANHa5hjQ
A7jBa8nJZxQ9RArUJlRgXOQbc5Y2|CQ9Gtv71tcEgUbW1OoDP
A7jBa8nJZxQ9RArUJlRgXOQbc5Y2|CzEs3bmioDEqU8bVJJof
A7jBa8nJZxQ9RArUJlRgXOQbc5Y2|D4cHklmExEfjNrkW4sfG
A7jBa8nJZxQ9RArUJlRgXOQbc5Y2|DEbWwJ1zUoLaRTyFZ7o9
A7jBa8nJZxQ9RArUJlRgXOQbc5Y2|DKeioqGHJ5HfsHwNBBtQ
A7jBa8nJZxQ9RArUJlRgXOQbc5Y2|EtsKXIMC6Y2EiwAI2yKT
A7jBa8nJZxQ9RArUJlRgXOQbc5Y2|EvCi6H86jQh0cWYqHsGe
A7jBa8nJZxQ9RArUJlRgXOQbc5Y2|FQKVqZJwY3vKT0Kmaf2C
A7jBa8nJZxQ9RArUJlRgXOQbc5Y2|FfyN1tYpse8Wi3G0AeaZ
A7jBa8nJZxQ9RArUJlRgXOQbc5Y2|Fkb6xFZ2nuaHtjpy2TX9
A7jBa8nJZxQ9RArUJlRgXOQbc5Y2|G8cJdgspZCNn0XcDoWVQ
A7jBa8nJZxQ9RArUJlRgXOQbc5Y2|GBYms7RzsT9aOOsOp8EX
A7jBa8nJZxQ9RArUJlRgXOQbc5Y2|GjVvYz4wrkL2AdRCfpFm
A7jBa8nJZxQ9RArUJlRgXOQbc5Y2|GwA3L2nmIoa3woX8NjFK
A7jBa8nJZxQ9RArUJlRgXOQbc5Y2|HP5Pqvi5xNfQGHNxjqoP
A7jBa8nJZxQ9RArUJlRgXOQbc5Y2|HrEizMweIDPGEw5bo0j0
A7jBa8nJZxQ9RArUJlRgXOQbc5Y2|Hs3ZROuWHpalusM8lQbl
A7jBa8nJZxQ9RArUJlRgXOQbc5Y2|HvidS0y8l8gFZ44zBKqX
A7jBa8nJZxQ9RArUJlRgXOQbc5Y2|HwluqJAYhR2dlJQdhK6W
A7jBa8nJZxQ9RArUJlRgXOQbc5Y2|JBPpzOXYsHwoqVLBgY61
A7jBa8nJZxQ9RArUJlRgXOQbc5Y2|JOURwzmoLyrBqUJk7IvQ
A7jBa8nJZxQ9RArUJlRgXOQbc5Y2|KMFNTun2v3YwtF0ev0lf
A7jBa8nJZxQ9RArUJlRgXOQbc5Y2|KVuR3hHNmtAJqzTTm6ft
A7jBa8nJZxQ9RArUJlRgXOQbc5Y2|KYocFZce0YtJpZ1EIZNL
A7jBa8nJZxQ9RArUJlRgXOQbc5Y2|KZeRIuuowLFY7MVp7hfs
A7jBa8nJZxQ9RArUJlRgXOQbc5Y2|KquIX3I9Ba7DlARD4mN8
A7jBa8nJZxQ9RArUJlRgXOQbc5Y2|LB2nCpPjTXaFp29n1oK9
A7jBa8nJZxQ9RArUJlRgXOQbc5Y2|LZo94gxCvTbGtaj0gbQ9
A7jBa8nJZxQ9RArUJlRgXOQbc5Y2|LxXOqbRi1eZXa3ZbvRKC
A7jBa8nJZxQ9RArUJlRgXOQbc5Y2|M2QOrhWjzZrKe55NGH5x
A7jBa8nJZxQ9RArUJlRgXOQbc5Y2|M4au4PIV4RCWllno2mvW
A7jBa8nJZxQ9RArUJlRgXOQbc5Y2|MJ9r7ksxWrEI3t90evMl
A7jBa8nJZxQ9RArUJlRgXOQbc5Y2|MmQFQQpByfoee6gScpkr
A7jBa8nJZxQ9RArUJlRgXOQbc5Y2|MteYA0hr9MjQtvw8Faa6
A7jBa8nJZxQ9RArUJlRgXOQbc5Y2|Mu6MZQJNnpzQR3wqmOtL
A7jBa8nJZxQ9RArUJlRgXOQbc5Y2|MzMVsXcnx96Yuv0sQShH
A7jBa8nJZxQ9RArUJlRgXOQbc5Y2|NHYhotmZ9fzrGCdMyyj0
A7jBa8nJZxQ9RArUJlRgXOQbc5Y2|Ny76UajqskcBOL2NaItv
A7jBa8nJZxQ9RArUJlRgXOQbc5Y2|NyPU3SDyNOUJQ9tn5ini
A7jBa8nJZxQ9RArUJlRgXOQbc5Y2|O63Ejo53ZPFBLKmQlTSN
A7jBa8nJZxQ9RArUJlRgXOQbc5Y2|OkTXn2CQcmcepio8aQgt
A7jBa8nJZxQ9RArUJlRgXOQbc5Y2|OyRu6l4LTU77XHSrrkAp
A7jBa8nJZxQ9RArUJlRgXOQbc5Y2|PZzheDwN30Uv5mBucnIY
A7jBa8nJZxQ9RArUJlRgXOQbc5Y2|QUek0FlEjvmVJ6mEZqjs
A7jBa8nJZxQ9RArUJlRgXOQbc5Y2|QVlQNSfbvWcP3HWYGbRa
A7jBa8nJZxQ9RArUJlRgXOQbc5Y2|QXoPUk5MZxBcZZthdu3L
A7jBa8nJZxQ9RArUJlRgXOQbc5Y2|QusFWFThqn46h6o5UYzX
A7jBa8nJZxQ9RArUJlRgXOQbc5Y2|QwPtwSBalStaUTrLj1B7
A7jBa8nJZxQ9RArUJlRgXOQbc5Y2|R3KGOBTFrptccsRge872
A7jBa8nJZxQ9RArUJlRgXOQbc5Y2|RX5m2jiCcGV41a08VamZ
A7jBa8nJZxQ9RArUJlRgXOQbc5Y2|RZ1mcaEL4W65amydapir
A7jBa8nJZxQ9RArUJlRgXOQbc5Y2|S7Gj8Vk9Xlg7NaWiOvpg
A7jBa8nJZxQ9RArUJlRgXOQbc5Y2|SUdfbdQEqj2hZIeXWDFy
A7jBa8nJZxQ9RArUJlRgXOQbc5Y2|SufDdUOOautPR98RxTvC
A7jBa8nJZxQ9RArUJlRgXOQbc5Y2|TO7oeZsBkpmbA7OR9AC1
A7jBa8nJZxQ9RArUJlRgXOQbc5Y2|ToTOH2fixdfznJiWHC57
A7jBa8nJZxQ9RArUJlRgXOQbc5Y2|U4deGZmVLp4MSrbfukq5
A7jBa8nJZxQ9RArUJlRgXOQbc5Y2|UBAfTJMNye5pWPPYEXHj
A7jBa8nJZxQ9RArUJlRgXOQbc5Y2|UUy3EGYSGDzb6Md7e4On
A7jBa8nJZxQ9RArUJlRgXOQbc5Y2|UY5MSNvTSeHwqIfB9Les
A7jBa8nJZxQ9RArUJlRgXOQbc5Y2|UfmtbpnBWLT6TwhlGkBZ
A7jBa8nJZxQ9RArUJlRgXOQbc5Y2|V57k93AyPVQ1aaSLK0lt
A7jBa8nJZxQ9RArUJlRgXOQbc5Y2|VHZjifoy8j85X6gCZXAO
A7jBa8nJZxQ9RArUJlRgXOQbc5Y2|WK2rthVFmsf59GWBq794
A7jBa8nJZxQ9RArUJlRgXOQbc5Y2|WOKqhP20UhvXytiiXvEg
A7jBa8nJZxQ9RArUJlRgXOQbc5Y2|We4Ajg6rsjjc3tot3XVC
A7jBa8nJZxQ9RArUJlRgXOQbc5Y2|WrkvRTIIevVjTT9tpmsz
A7jBa8nJZxQ9RArUJlRgXOQbc5Y2|X3PgQ5r4QWWUkr9XB39b
A7jBa8nJZxQ9RArUJlRgXOQbc5Y2|XCxsD9Z17sKFbnojvytD
A7jBa8nJZxQ9RArUJlRgXOQbc5Y2|Y05g799uBqRgVY4bvege
A7jBa8nJZxQ9RArUJlRgXOQbc5Y2|YUmuvJL4Knt5tLYZ5ETM
A7jBa8nJZxQ9RArUJlRgXOQbc5Y2|YqmW8Tv01yDCWDGiWpor
A7jBa8nJZxQ9RArUJlRgXOQbc5Y2|Z8uzg2z1V3g7vwsYgpVD
A7jBa8nJZxQ9RArUJlRgXOQbc5Y2|Z9XKx47xQYoQlq0H0E0Q
A7jBa8nJZxQ9RArUJlRgXOQbc5Y2|Zkw2rHYaRdoD3iOncDtI
A7jBa8nJZxQ9RArUJlRgXOQbc5Y2|ZuZLZYXJcE4OzhvC8JtH
A7jBa8nJZxQ9RArUJlRgXOQbc5Y2|aTCbDNJnzYccWH0wNEVL
A7jBa8nJZxQ9RArUJlRgXOQbc5Y2|b7A3yaNwG7dSE2SgQOPV
A7jBa8nJZxQ9RArUJlRgXOQbc5Y2|bG3ClDtAuqJ0iqKpPwOX
A7jBa8nJZxQ9RArUJlRgXOQbc5Y2|bGh11OlkT0xUgU1o8uP6
A7jBa8nJZxQ9RArUJlRgXOQbc5Y2|bRYZr3Iww3seYuw5EAf8
A7jBa8nJZxQ9RArUJlRgXOQbc5Y2|bUgtiNZAbEU4aqlKOuKC
A7jBa8nJZxQ9RArUJlRgXOQbc5Y2|c6UC0PuGlTiXUYvlxocX
A7jBa8nJZxQ9RArUJlRgXOQbc5Y2|cpF6hYfRJ4ejcEkOHH33
A7jBa8nJZxQ9RArUJlRgXOQbc5Y2|e5W5azRyuv5Ve4gvu6BP
A7jBa8nJZxQ9RArUJlRgXOQbc5Y2|f7B55F4Tlu7cMQhou0VR
A7jBa8nJZxQ9RArUJlRgXOQbc5Y2|fD0d9FtqdY07my44fQI4
A7jBa8nJZxQ9RArUJlRgXOQbc5Y2|ft9KyxTvnvyl7Il3gjL6
A7jBa8nJZxQ9RArUJlRgXOQbc5Y2|fusrodFW7UTI79FxRip0
A7jBa8nJZxQ9RArUJlRgXOQbc5Y2|gInYO6CcZBNgyg48KvPE
A7jBa8nJZxQ9RArUJlRgXOQbc5Y2|gzeD5XSaOCfO13gHNrOv
A7jBa8nJZxQ9RArUJlRgXOQbc5Y2|h01new9oJl4sFMC3CKVc
A7jBa8nJZxQ9RArUJlRgXOQbc5Y2|hGgLHSPG74ejD5Nk9tqo
A7jBa8nJZxQ9RArUJlRgXOQbc5Y2|hpBw47NQu9eJHD64ayPA
A7jBa8nJZxQ9RArUJlRgXOQbc5Y2|hwd0fHwQ3va1KEg2W0xS
A7jBa8nJZxQ9RArUJlRgXOQbc5Y2|i5dHhHhzYcOSCvuzqsyI
A7jBa8nJZxQ9RArUJlRgXOQbc5Y2|i9VRGUUDLNa2GvA4Um9m
A7jBa8nJZxQ9RArUJlRgXOQbc5Y2|ieoGjBaCUtcj5UPg1BB9
A7jBa8nJZxQ9RArUJlRgXOQbc5Y2|k8CwvrWGYqRAPEbVVKX5
A7jBa8nJZxQ9RArUJlRgXOQbc5Y2|kwxkhwgNRkAfwvplChVr
A7jBa8nJZxQ9RArUJlRgXOQbc5Y2|lLxFoRzEnSw0vfXRoeMf
A7jBa8nJZxQ9RArUJlRgXOQbc5Y2|la2ctlQc58WZphTZYUba
A7jBa8nJZxQ9RArUJlRgXOQbc5Y2|lcGj1WQ60I7w6GgcLgoq
A7jBa8nJZxQ9RArUJlRgXOQbc5Y2|mU21EUiFdU3GCwW8g91h
A7jBa8nJZxQ9RArUJlRgXOQbc5Y2|mmDHdeLrBht1ee4Dywnm
A7jBa8nJZxQ9RArUJlRgXOQbc5Y2|nKNaFuCiDc2f5ZQ8HDXT
A7jBa8nJZxQ9RArUJlRgXOQbc5Y2|nS0aEZduaeRwCtd5mUiL
A7jBa8nJZxQ9RArUJlRgXOQbc5Y2|nV59xuitX1Gsq4p84Z03
A7jBa8nJZxQ9RArUJlRgXOQbc5Y2|ndjFqSMgdzylsqiPfgIY
A7jBa8nJZxQ9RArUJlRgXOQbc5Y2|nn0NmQGCOYuVFR0aGWRx
A7jBa8nJZxQ9RArUJlRgXOQbc5Y2|onazj8E3NVnHoXtTF5aS
A7jBa8nJZxQ9RArUJlRgXOQbc5Y2|ormtY7hGRw9M2TGtIwvm
A7jBa8nJZxQ9RArUJlRgXOQbc5Y2|qMPPc1nQ0whEWUlqXDij
A7jBa8nJZxQ9RArUJlRgXOQbc5Y2|qZp8B44ide7I0eMZnact
A7jBa8nJZxQ9RArUJlRgXOQbc5Y2|qjUy1APHBWwHvyBDcLr3
A7jBa8nJZxQ9RArUJlRgXOQbc5Y2|qlkRtgHH0sqKZP70nrTj
A7jBa8nJZxQ9RArUJlRgXOQbc5Y2|r66QCQSIFU9QyHxNuVAT
A7jBa8nJZxQ9RArUJlRgXOQbc5Y2|ra2sxzJYeQEIxIXWHC3t
A7jBa8nJZxQ9RArUJlRgXOQbc5Y2|rsdO8fumbD1qn5t0Wxgj
A7jBa8nJZxQ9RArUJlRgXOQbc5Y2|smqmbqQRYa1WBUATWoUN
A7jBa8nJZxQ9RArUJlRgXOQbc5Y2|soSjNyXM2x86LZSYMNwq
A7jBa8nJZxQ9RArUJlRgXOQbc5Y2|ttCOU0TbX1qBQHe5RQeY
A7jBa8nJZxQ9RArUJlRgXOQbc5Y2|u6mToF1th5nKO6JzO10g
A7jBa8nJZxQ9RArUJlRgXOQbc5Y2|uNXj8FgZ0b4f3U2A7Ezz
A7jBa8nJZxQ9RArUJlRgXOQbc5Y2|udq2sUim0d5zKwQr1Coq
A7jBa8nJZxQ9RArUJlRgXOQbc5Y2|uwWxYqjmCx8gnrIeDVkL
A7jBa8nJZxQ9RArUJlRgXOQbc5Y2|vZlU2jcRlGeYrdlGgAQP
A7jBa8nJZxQ9RArUJlRgXOQbc5Y2|vbdZZrpXX9y7SOesHpRa
A7jBa8nJZxQ9RArUJlRgXOQbc5Y2|w3XDTpkJ0TaUDylNgnGj
A7jBa8nJZxQ9RArUJlRgXOQbc5Y2|w6l0DVAEPaMBW4M2uoeA
A7jBa8nJZxQ9RArUJlRgXOQbc5Y2|wc6cR1KbKsNByvGFpMfp
A7jBa8nJZxQ9RArUJlRgXOQbc5Y2|whLEYE5vzBwsHvP7BuDz
A7jBa8nJZxQ9RArUJlRgXOQbc5Y2|worvv8jWQG1OQI3dBHps
A7jBa8nJZxQ9RArUJlRgXOQbc5Y2|wyXh7EpwFWtCWhRO6aiU
A7jBa8nJZxQ9RArUJlRgXOQbc5Y2|xE08GTT8XdsNv0yR8ERe
A7jBa8nJZxQ9RArUJlRgXOQbc5Y2|xdfOHETz3xSavHPxiBlg
A7jBa8nJZxQ9RArUJlRgXOQbc5Y2|y68pX6WeINR3wAXkekge
A7jBa8nJZxQ9RArUJlRgXOQbc5Y2|yFlGuldML4zQuiUthNIy
AWE0E7pvZkMeqEEAxDSj5OXQVag1|0cHxbCxG7mY7xA7l1Dpn
AWE0E7pvZkMeqEEAxDSj5OXQVag1|0tOD2R8VprURTzYF4b9m
AWE0E7pvZkMeqEEAxDSj5OXQVag1|0zwT3y7XarK0kA2m6459
AWE0E7pvZkMeqEEAxDSj5OXQVag1|1GOto1UFk2QuXBdSSyUj
AWE0E7pvZkMeqEEAxDSj5OXQVag1|2ffKEUPN9bWtWmYMfo8C
AWE0E7pvZkMeqEEAxDSj5OXQVag1|2sGL2xUGipXFhuTiv6yW
AWE0E7pvZkMeqEEAxDSj5OXQVag1|2sZA2SnVdR8wgU5Es6CK
AWE0E7pvZkMeqEEAxDSj5OXQVag1|3HDnaI0Tifr70zhnaPK8
AWE0E7pvZkMeqEEAxDSj5OXQVag1|3Kcolr6Llq9geCIQ6RQ7
AWE0E7pvZkMeqEEAxDSj5OXQVag1|3T805En1xjLM7v1otfWW
AWE0E7pvZkMeqEEAxDSj5OXQVag1|3cOmZEqJC7qH2IVGxRiw
AWE0E7pvZkMeqEEAxDSj5OXQVag1|3gDDKe1ZQgQF8KZnjQhy
AWE0E7pvZkMeqEEAxDSj5OXQVag1|4GMHtmQ3hI0XZqBcd5xh
AWE0E7pvZkMeqEEAxDSj5OXQVag1|4cgzaVfIfvUN75tEyrDU
AWE0E7pvZkMeqEEAxDSj5OXQVag1|4gMqmSyUFk7D0pvzlXii
AWE0E7pvZkMeqEEAxDSj5OXQVag1|5PrTkh48sy41zZhJR0zj
AWE0E7pvZkMeqEEAxDSj5OXQVag1|5qe2CeO4TfZwtAF1T0Om
AWE0E7pvZkMeqEEAxDSj5OXQVag1|D4cHklmExEfjNrkW4sfG
AWE0E7pvZkMeqEEAxDSj5OXQVag1|DEbWwJ1zUoLaRTyFZ7o9
AWE0E7pvZkMeqEEAxDSj5OXQVag1|Fkb6xFZ2nuaHtjpy2TX9
AWE0E7pvZkMeqEEAxDSj5OXQVag1|GjVvYz4wrkL2AdRCfpFm
AWE0E7pvZkMeqEEAxDSj5OXQVag1|HP5Pqvi5xNfQGHNxjqoP
AWE0E7pvZkMeqEEAxDSj5OXQVag1|HwluqJAYhR2dlJQdhK6W
AWE0E7pvZkMeqEEAxDSj5OXQVag1|JOURwzmoLyrBqUJk7IvQ
AWE0E7pvZkMeqEEAxDSj5OXQVag1|LB2nCpPjTXaFp29n1oK9
AWE0E7pvZkMeqEEAxDSj5OXQVag1|LZo94gxCvTbGtaj0gbQ9
AWE0E7pvZkMeqEEAxDSj5OXQVag1|Mu6MZQJNnpzQR3wqmOtL
AWE0E7pvZkMeqEEAxDSj5OXQVag1|Ny76UajqskcBOL2NaItv
AWE0E7pvZkMeqEEAxDSj5OXQVag1|O63Ejo53ZPFBLKmQlTSN
AWE0E7pvZkMeqEEAxDSj5OXQVag1|OyRu6l4LTU77XHSrrkAp
AWE0E7pvZkMeqEEAxDSj5OXQVag1|PZzheDwN30Uv5mBucnIY
AWE0E7pvZkMeqEEAxDSj5OXQVag1|QUek0FlEjvmVJ6mEZqjs
AWE0E7pvZkMeqEEAxDSj5OXQVag1|QwPtwSBalStaUTrLj1B7
AWE0E7pvZkMeqEEAxDSj5OXQVag1|RX5m2jiCcGV41a08VamZ
AWE0E7pvZkMeqEEAxDSj5OXQVag1|U4deGZmVLp4MSrbfukq5
AWE0E7pvZkMeqEEAxDSj5OXQVag1|V57k93AyPVQ1aaSLK0lt
AWE0E7pvZkMeqEEAxDSj5OXQVag1|We4Ajg6rsjjc3tot3XVC
AWE0E7pvZkMeqEEAxDSj5OXQVag1|XCxsD9Z17sKFbnojvytD
AWE0E7pvZkMeqEEAxDSj5OXQVag1|Z9XKx47xQYoQlq0H0E0Q
AWE0E7pvZkMeqEEAxDSj5OXQVag1|ZuZLZYXJcE4OzhvC8JtH
AWE0E7pvZkMeqEEAxDSj5OXQVag1|aTCbDNJnzYccWH0wNEVL
AWE0E7pvZkMeqEEAxDSj5OXQVag1|b7A3yaNwG7dSE2SgQOPV
AWE0E7pvZkMeqEEAxDSj5OXQVag1|fusrodFW7UTI79FxRip0
AWE0E7pvZkMeqEEAxDSj5OXQVag1|gInYO6CcZBNgyg48KvPE
AWE0E7pvZkMeqEEAxDSj5OXQVag1|i5dHhHhzYcOSCvuzqsyI
AWE0E7pvZkMeqEEAxDSj5OXQVag1|i9VRGUUDLNa2GvA4Um9m
AWE0E7pvZkMeqEEAxDSj5OXQVag1|ieoGjBaCUtcj5UPg1BB9
AWE0E7pvZkMeqEEAxDSj5OXQVag1|lLxFoRzEnSw0vfXRoeMf
AWE0E7pvZkMeqEEAxDSj5OXQVag1|la2ctlQc58WZphTZYUba
AWE0E7pvZkMeqEEAxDSj5OXQVag1|qlkRtgHH0sqKZP70nrTj
AWE0E7pvZkMeqEEAxDSj5OXQVag1|r66QCQSIFU9QyHxNuVAT
AWE0E7pvZkMeqEEAxDSj5OXQVag1|ra2sxzJYeQEIxIXWHC3t
AWE0E7pvZkMeqEEAxDSj5OXQVag1|uwWxYqjmCx8gnrIeDVkL
AWE0E7pvZkMeqEEAxDSj5OXQVag1|whLEYE5vzBwsHvP7BuDz
AXdRrubNC1W7k5esWYpqs9YxUb23|0cHxbCxG7mY7xA7l1Dpn
AXdRrubNC1W7k5esWYpqs9YxUb23|0s4fAbVOqdJv7eYcZ5Zr
AXdRrubNC1W7k5esWYpqs9YxUb23|0tOD2R8VprURTzYF4b9m
AXdRrubNC1W7k5esWYpqs9YxUb23|0zwT3y7XarK0kA2m6459
AXdRrubNC1W7k5esWYpqs9YxUb23|1GOto1UFk2QuXBdSSyUj
AXdRrubNC1W7k5esWYpqs9YxUb23|1lZkdgEeh9MLTJfUYnby
AXdRrubNC1W7k5esWYpqs9YxUb23|20EI9jhYnDyhjYX79yCH
AXdRrubNC1W7k5esWYpqs9YxUb23|2ZIjNxeaNXgZS3KHhMUP
AXdRrubNC1W7k5esWYpqs9YxUb23|2ffKEUPN9bWtWmYMfo8C
AXdRrubNC1W7k5esWYpqs9YxUb23|2sGL2xUGipXFhuTiv6yW
AXdRrubNC1W7k5esWYpqs9YxUb23|2sZA2SnVdR8wgU5Es6CK
AXdRrubNC1W7k5esWYpqs9YxUb23|3HDnaI0Tifr70zhnaPK8
AXdRrubNC1W7k5esWYpqs9YxUb23|3Kcolr6Llq9geCIQ6RQ7
AXdRrubNC1W7k5esWYpqs9YxUb23|3T805En1xjLM7v1otfWW
AXdRrubNC1W7k5esWYpqs9YxUb23|3cOmZEqJC7qH2IVGxRiw
AXdRrubNC1W7k5esWYpqs9YxUb23|3gDDKe1ZQgQF8KZnjQhy
AXdRrubNC1W7k5esWYpqs9YxUb23|4Dhp4WbkatmbhHjXhSGm
AXdRrubNC1W7k5esWYpqs9YxUb23|4E8f8vxQkdziiqQaXqp1
AXdRrubNC1W7k5esWYpqs9YxUb23|4FK6VC5Y1Wq3DAiXCfix
AXdRrubNC1W7k5esWYpqs9YxUb23|4GMHtmQ3hI0XZqBcd5xh
AXdRrubNC1W7k5esWYpqs9YxUb23|4OOmxOSXl4C69zGwa5pN
AXdRrubNC1W7k5esWYpqs9YxUb23|4Vg5mbuEMiXsSLtjxXil
AXdRrubNC1W7k5esWYpqs9YxUb23|4cZ4BT60EkXGG51vObIq
AXdRrubNC1W7k5esWYpqs9YxUb23|4cgzaVfIfvUN75tEyrDU
AXdRrubNC1W7k5esWYpqs9YxUb23|4ePkkxBbKOCC5jMikeRi
AXdRrubNC1W7k5esWYpqs9YxUb23|4gMqmSyUFk7D0pvzlXii
AXdRrubNC1W7k5esWYpqs9YxUb23|5LWMrqRdfAsrYjtQIXgH
AXdRrubNC1W7k5esWYpqs9YxUb23|5PrTkh48sy41zZhJR0zj
AXdRrubNC1W7k5esWYpqs9YxUb23|5VX3v1OnZ5xw9pqm9OLa
AXdRrubNC1W7k5esWYpqs9YxUb23|5cuwHLDgCmvmvXnjZLAD
AXdRrubNC1W7k5esWYpqs9YxUb23|5meaJGar0MCAMtf2JhYy
AXdRrubNC1W7k5esWYpqs9YxUb23|5qe2CeO4TfZwtAF1T0Om
AXdRrubNC1W7k5esWYpqs9YxUb23|5tBy1dXr2IOSAPnxWdQJ
AXdRrubNC1W7k5esWYpqs9YxUb23|69kzRCPLukf8EGhuP8fu
AXdRrubNC1W7k5esWYpqs9YxUb23|6CaizZfb24hJSbYxbGNC
AXdRrubNC1W7k5esWYpqs9YxUb23|6FZSzQjhR5oAWFp04EeI
AXdRrubNC1W7k5esWYpqs9YxUb23|6LQyw4P7b1pKRc8mLPD1
AXdRrubNC1W7k5esWYpqs9YxUb23|6UMDl79uSsFpnTDhWcIc
AXdRrubNC1W7k5esWYpqs9YxUb23|6et0gXzMO2N3QTLnag8N
AXdRrubNC1W7k5esWYpqs9YxUb23|6fkW7uZGW33SZjjF7yEb
AXdRrubNC1W7k5esWYpqs9YxUb23|6iemBOQjdVIjewMVtBpS
AXdRrubNC1W7k5esWYpqs9YxUb23|7XGzAmkX5iGQZgco4I3W
AXdRrubNC1W7k5esWYpqs9YxUb23|7knqVmvDB7wbUZkNnmND
AXdRrubNC1W7k5esWYpqs9YxUb23|8FVjs8dXoSLPZ3nyN0AS
AXdRrubNC1W7k5esWYpqs9YxUb23|8RW9q9fqJVjX08Eqpb21
AXdRrubNC1W7k5esWYpqs9YxUb23|8i8VDiIl6KrLWkHr02NU
AXdRrubNC1W7k5esWYpqs9YxUb23|8kSn0V7567uqY3L7hDpN
AXdRrubNC1W7k5esWYpqs9YxUb23|93NFKGAegeyH8KUTlJ4g
AXdRrubNC1W7k5esWYpqs9YxUb23|98Ksy5vMldMswNPI4EDL
AXdRrubNC1W7k5esWYpqs9YxUb23|9dISPSG4hkv1cQz8q3yd
AXdRrubNC1W7k5esWYpqs9YxUb23|AM9XPp9Bt7BKd1p5zbwP
AXdRrubNC1W7k5esWYpqs9YxUb23|Ab8VF86PjmhHrs4dbXK5
AXdRrubNC1W7k5esWYpqs9YxUb23|Anp5ECAzWZXGESoxYmLw
AXdRrubNC1W7k5esWYpqs9YxUb23|Aq2dHkMXM74xOkkln66t
AXdRrubNC1W7k5esWYpqs9YxUb23|C1Qm73hrFiS1LD7q90RG
AXdRrubNC1W7k5esWYpqs9YxUb23|CFRuUH1RlhPRANHa5hjQ
AXdRrubNC1W7k5esWYpqs9YxUb23|CQ9Gtv71tcEgUbW1OoDP
AXdRrubNC1W7k5esWYpqs9YxUb23|CUjJmY8BfbQjAIuVUIWl
AXdRrubNC1W7k5esWYpqs9YxUb23|CrkC3ZpG3q4IYidPPpEP
AXdRrubNC1W7k5esWYpqs9YxUb23|CzEs3bmioDEqU8bVJJof
AXdRrubNC1W7k5esWYpqs9YxUb23|D4cHklmExEfjNrkW4sfG
AXdRrubNC1W7k5esWYpqs9YxUb23|DEbWwJ1zUoLaRTyFZ7o9
AXdRrubNC1W7k5esWYpqs9YxUb23|DKeioqGHJ5HfsHwNBBtQ
AXdRrubNC1W7k5esWYpqs9YxUb23|EELiIRTmIa27zYzEjNVo
AXdRrubNC1W7k5esWYpqs9YxUb23|EtsKXIMC6Y2EiwAI2yKT
AXdRrubNC1W7k5esWYpqs9YxUb23|EvCi6H86jQh0cWYqHsGe
AXdRrubNC1W7k5esWYpqs9YxUb23|EyFVwt3QBqvJ84x667ZJ
AXdRrubNC1W7k5esWYpqs9YxUb23|F4wh67WHcNo2F7GzVSjs
AXdRrubNC1W7k5esWYpqs9YxUb23|FQKVqZJwY3vKT0Kmaf2C
AXdRrubNC1W7k5esWYpqs9YxUb23|FfyN1tYpse8Wi3G0AeaZ
AXdRrubNC1W7k5esWYpqs9YxUb23|Fkb6xFZ2nuaHtjpy2TX9
AXdRrubNC1W7k5esWYpqs9YxUb23|Fm7kljADEFhNfRgDPykx
AXdRrubNC1W7k5esWYpqs9YxUb23|G7NPLi3zniT6dkMp0a6Z
AXdRrubNC1W7k5esWYpqs9YxUb23|G8cJdgspZCNn0XcDoWVQ
AXdRrubNC1W7k5esWYpqs9YxUb23|GBYms7RzsT9aOOsOp8EX
AXdRrubNC1W7k5esWYpqs9YxUb23|GeuAuH5ERxEnjfPh7CGe
AXdRrubNC1W7k5esWYpqs9YxUb23|GjVvYz4wrkL2AdRCfpFm
AXdRrubNC1W7k5esWYpqs9YxUb23|GkKlzHKqL95eypd00QuN
AXdRrubNC1W7k5esWYpqs9YxUb23|GrKyn9VnaLbVvDLP5O7i
AXdRrubNC1W7k5esWYpqs9YxUb23|GwA3L2nmIoa3woX8NjFK
AXdRrubNC1W7k5esWYpqs9YxUb23|HL1zE9PpORVdeuUU6AaU
AXdRrubNC1W7k5esWYpqs9YxUb23|HP5Pqvi5xNfQGHNxjqoP
AXdRrubNC1W7k5esWYpqs9YxUb23|HrEizMweIDPGEw5bo0j0
AXdRrubNC1W7k5esWYpqs9YxUb23|Hs3ZROuWHpalusM8lQbl
AXdRrubNC1W7k5esWYpqs9YxUb23|Htntps4UmXWSdsqeufSN
AXdRrubNC1W7k5esWYpqs9YxUb23|HvidS0y8l8gFZ44zBKqX
AXdRrubNC1W7k5esWYpqs9YxUb23|HwluqJAYhR2dlJQdhK6W
AXdRrubNC1W7k5esWYpqs9YxUb23|I3EzEuK6oxjcbFoHmXld
AXdRrubNC1W7k5esWYpqs9YxUb23|J2VfrK6m4Nu5Geun9tD3
AXdRrubNC1W7k5esWYpqs9YxUb23|JBPpzOXYsHwoqVLBgY61
AXdRrubNC1W7k5esWYpqs9YxUb23|JOURwzmoLyrBqUJk7IvQ
AXdRrubNC1W7k5esWYpqs9YxUb23|JbUU8JQjl7vG82TIiaM7
AXdRrubNC1W7k5esWYpqs9YxUb23|KMFNTun2v3YwtF0ev0lf
AXdRrubNC1W7k5esWYpqs9YxUb23|KVuR3hHNmtAJqzTTm6ft
AXdRrubNC1W7k5esWYpqs9YxUb23|KYocFZce0YtJpZ1EIZNL
AXdRrubNC1W7k5esWYpqs9YxUb23|KZeRIuuowLFY7MVp7hfs
AXdRrubNC1W7k5esWYpqs9YxUb23|KquIX3I9Ba7DlARD4mN8
AXdRrubNC1W7k5esWYpqs9YxUb23|LB2nCpPjTXaFp29n1oK9
AXdRrubNC1W7k5esWYpqs9YxUb23|LDoSaNQtRbto4XXG8lB2
AXdRrubNC1W7k5esWYpqs9YxUb23|LEc75HxGkTjmEtohIyXJ
AXdRrubNC1W7k5esWYpqs9YxUb23|LZo94gxCvTbGtaj0gbQ9
AXdRrubNC1W7k5esWYpqs9YxUb23|LxXOqbRi1eZXa3ZbvRKC
AXdRrubNC1W7k5esWYpqs9YxUb23|M2QOrhWjzZrKe55NGH5x
AXdRrubNC1W7k5esWYpqs9YxUb23|M4O1FqqIVFH0zY7xgpSg
AXdRrubNC1W7k5esWYpqs9YxUb23|M4au4PIV4RCWllno2mvW
AXdRrubNC1W7k5esWYpqs9YxUb23|MFdNRp6YeWFWGoXvzMbc
AXdRrubNC1W7k5esWYpqs9YxUb23|MJ9r7ksxWrEI3t90evMl
AXdRrubNC1W7k5esWYpqs9YxUb23|MRDLlVVQNPY3qxushlBf
AXdRrubNC1W7k5esWYpqs9YxUb23|MRU6CMGVCggdzsG4CXMy
AXdRrubNC1W7k5esWYpqs9YxUb23|MmQFQQpByfoee6gScpkr
AXdRrubNC1W7k5esWYpqs9YxUb23|MteYA0hr9MjQtvw8Faa6
AXdRrubNC1W7k5esWYpqs9YxUb23|Mu6MZQJNnpzQR3wqmOtL
AXdRrubNC1W7k5esWYpqs9YxUb23|MzMVsXcnx96Yuv0sQShH
AXdRrubNC1W7k5esWYpqs9YxUb23|N0yFQpxUqQ8wqoPnydqz
AXdRrubNC1W7k5esWYpqs9YxUb23|NHYhotmZ9fzrGCdMyyj0
AXdRrubNC1W7k5esWYpqs9YxUb23|NHcKYL4YChTYh38TndN0
AXdRrubNC1W7k5esWYpqs9YxUb23|NOF2jd1AgWT19BpooZYo
AXdRrubNC1W7k5esWYpqs9YxUb23|Nau0T1kRlYFDRYHNDmNU
AXdRrubNC1W7k5esWYpqs9YxUb23|NnbNj0YdGbnV26EMEYMT
AXdRrubNC1W7k5esWYpqs9YxUb23|NufuAN5RYJCQ7sUgEaJD
AXdRrubNC1W7k5esWYpqs9YxUb23|Ny76UajqskcBOL2NaItv
AXdRrubNC1W7k5esWYpqs9YxUb23|NyPU3SDyNOUJQ9tn5ini
AXdRrubNC1W7k5esWYpqs9YxUb23|O63Ejo53ZPFBLKmQlTSN
AXdRrubNC1W7k5esWYpqs9YxUb23|OWVXhUIxqXtwH8aocsxV
AXdRrubNC1W7k5esWYpqs9YxUb23|Od203cLq9fWOCXrWMZUx
AXdRrubNC1W7k5esWYpqs9YxUb23|OeBxBnrfA6bIIdXqBxYM
AXdRrubNC1W7k5esWYpqs9YxUb23|OkTXn2CQcmcepio8aQgt
AXdRrubNC1W7k5esWYpqs9YxUb23|OqbV0bNdBSLfFkDckILi
AXdRrubNC1W7k5esWYpqs9YxUb23|OyRu6l4LTU77XHSrrkAp
AXdRrubNC1W7k5esWYpqs9YxUb23|P75pNpjoOP6jMBNoS0eH
AXdRrubNC1W7k5esWYpqs9YxUb23|PZzheDwN30Uv5mBucnIY
AXdRrubNC1W7k5esWYpqs9YxUb23|Q4vD57olwp88KXI1IYUL
AXdRrubNC1W7k5esWYpqs9YxUb23|QQ5MpJFHrOpFlaK12vNe
AXdRrubNC1W7k5esWYpqs9YxUb23|QUek0FlEjvmVJ6mEZqjs
AXdRrubNC1W7k5esWYpqs9YxUb23|QVlQNSfbvWcP3HWYGbRa
AXdRrubNC1W7k5esWYpqs9YxUb23|QXoPUk5MZxBcZZthdu3L
AXdRrubNC1W7k5esWYpqs9YxUb23|QusFWFThqn46h6o5UYzX
AXdRrubNC1W7k5esWYpqs9YxUb23|QwPtwSBalStaUTrLj1B7
AXdRrubNC1W7k5esWYpqs9YxUb23|QxPgqMVyFIgKYSJbyJuu
AXdRrubNC1W7k5esWYpqs9YxUb23|R3KGOBTFrptccsRge872
AXdRrubNC1W7k5esWYpqs9YxUb23|RX5m2jiCcGV41a08VamZ
AXdRrubNC1W7k5esWYpqs9YxUb23|RYnsLce5IQNnnGuM9HhA
AXdRrubNC1W7k5esWYpqs9YxUb23|RZ1mcaEL4W65amydapir
AXdRrubNC1W7k5esWYpqs9YxUb23|S7Gj8Vk9Xlg7NaWiOvpg
AXdRrubNC1W7k5esWYpqs9YxUb23|SUdfbdQEqj2hZIeXWDFy
AXdRrubNC1W7k5esWYpqs9YxUb23|SufDdUOOautPR98RxTvC
AXdRrubNC1W7k5esWYpqs9YxUb23|T6Mon6sUtkOflOx2PpGj
AXdRrubNC1W7k5esWYpqs9YxUb23|T6ft3SKAUjuh280mskSG
AXdRrubNC1W7k5esWYpqs9YxUb23|TJCzeGUZYGK9BRqeVffn
AXdRrubNC1W7k5esWYpqs9YxUb23|TO7oeZsBkpmbA7OR9AC1
AXdRrubNC1W7k5esWYpqs9YxUb23|TgM4SVyzDLCxW5D3EU9n
AXdRrubNC1W7k5esWYpqs9YxUb23|ToTOH2fixdfznJiWHC57
AXdRrubNC1W7k5esWYpqs9YxUb23|TwfWmORJsUZZVKSgoWrE
AXdRrubNC1W7k5esWYpqs9YxUb23|U4deGZmVLp4MSrbfukq5
AXdRrubNC1W7k5esWYpqs9YxUb23|UBAfTJMNye5pWPPYEXHj
AXdRrubNC1W7k5esWYpqs9YxUb23|UUy3EGYSGDzb6Md7e4On
AXdRrubNC1W7k5esWYpqs9YxUb23|UY5MSNvTSeHwqIfB9Les
AXdRrubNC1W7k5esWYpqs9YxUb23|UfmtbpnBWLT6TwhlGkBZ
AXdRrubNC1W7k5esWYpqs9YxUb23|Uml7KVv2DumqipUgzdZm
AXdRrubNC1W7k5esWYpqs9YxUb23|UvocZZUFd9S92e4hBWdq
AXdRrubNC1W7k5esWYpqs9YxUb23|UydkubVYJtuudBMTt2cT
AXdRrubNC1W7k5esWYpqs9YxUb23|V0dB15bpcP3qdMAEGSMd
AXdRrubNC1W7k5esWYpqs9YxUb23|V57k93AyPVQ1aaSLK0lt
AXdRrubNC1W7k5esWYpqs9YxUb23|V60gYNlTaPY0ByfJXjpe
AXdRrubNC1W7k5esWYpqs9YxUb23|VHNuigiz12u0RFQHHxdT
AXdRrubNC1W7k5esWYpqs9YxUb23|VHZjifoy8j85X6gCZXAO
AXdRrubNC1W7k5esWYpqs9YxUb23|WK2rthVFmsf59GWBq794
AXdRrubNC1W7k5esWYpqs9YxUb23|WOKqhP20UhvXytiiXvEg
AXdRrubNC1W7k5esWYpqs9YxUb23|We4Ajg6rsjjc3tot3XVC
AXdRrubNC1W7k5esWYpqs9YxUb23|WrkvRTIIevVjTT9tpmsz
AXdRrubNC1W7k5esWYpqs9YxUb23|X3PgQ5r4QWWUkr9XB39b
AXdRrubNC1W7k5esWYpqs9YxUb23|XCxsD9Z17sKFbnojvytD
AXdRrubNC1W7k5esWYpqs9YxUb23|XRWXzB6CdsNmKeg0p7Rb
AXdRrubNC1W7k5esWYpqs9YxUb23|XS7elzHPRmcyghS17BpA
AXdRrubNC1W7k5esWYpqs9YxUb23|XjtwnfkvFh9g8ujzfeAp
AXdRrubNC1W7k5esWYpqs9YxUb23|Y05g799uBqRgVY4bvege
AXdRrubNC1W7k5esWYpqs9YxUb23|Y8T9KyoxS5dDSILkaCAV
AXdRrubNC1W7k5esWYpqs9YxUb23|YBDocENcW5JcLDpKta74
AXdRrubNC1W7k5esWYpqs9YxUb23|YJenr1pHLds7XCrhwiT9
AXdRrubNC1W7k5esWYpqs9YxUb23|YORCGQp2hleCXcjdECVm
AXdRrubNC1W7k5esWYpqs9YxUb23|YUmuvJL4Knt5tLYZ5ETM
AXdRrubNC1W7k5esWYpqs9YxUb23|YqmW8Tv01yDCWDGiWpor
AXdRrubNC1W7k5esWYpqs9YxUb23|Z8uzg2z1V3g7vwsYgpVD
AXdRrubNC1W7k5esWYpqs9YxUb23|Z9XKx47xQYoQlq0H0E0Q
AXdRrubNC1W7k5esWYpqs9YxUb23|ZQR7OH1Q3EYvCctRBgXU
AXdRrubNC1W7k5esWYpqs9YxUb23|Zkw2rHYaRdoD3iOncDtI
AXdRrubNC1W7k5esWYpqs9YxUb23|ZuZLZYXJcE4OzhvC8JtH
AXdRrubNC1W7k5esWYpqs9YxUb23|a47FliX7pqrzD9d74wl3
AXdRrubNC1W7k5esWYpqs9YxUb23|aFLhm9yinjUXMDKv0Qtn
AXdRrubNC1W7k5esWYpqs9YxUb23|aTCbDNJnzYccWH0wNEVL
AXdRrubNC1W7k5esWYpqs9YxUb23|azvKUhNd3vvZTS37bsIv
AXdRrubNC1W7k5esWYpqs9YxUb23|b7A3yaNwG7dSE2SgQOPV
AXdRrubNC1W7k5esWYpqs9YxUb23|bFiv9YoMuauGTGuV5xpx
AXdRrubNC1W7k5esWYpqs9YxUb23|bG3ClDtAuqJ0iqKpPwOX
AXdRrubNC1W7k5esWYpqs9YxUb23|bGh11OlkT0xUgU1o8uP6
AXdRrubNC1W7k5esWYpqs9YxUb23|bRYZr3Iww3seYuw5EAf8
AXdRrubNC1W7k5esWYpqs9YxUb23|bUgtiNZAbEU4aqlKOuKC
AXdRrubNC1W7k5esWYpqs9YxUb23|biqaljjE0SxU3KyA47BJ
AXdRrubNC1W7k5esWYpqs9YxUb23|bz484lTvvSl6rrl2PURL
AXdRrubNC1W7k5esWYpqs9YxUb23|c6UC0PuGlTiXUYvlxocX
AXdRrubNC1W7k5esWYpqs9YxUb23|cMgrWSLgqY4Y5eG5XvU1
AXdRrubNC1W7k5esWYpqs9YxUb23|cQfNBWKwZwgAz4qgiXpt
AXdRrubNC1W7k5esWYpqs9YxUb23|cdifJQGRVt4CgfNkFI7U
AXdRrubNC1W7k5esWYpqs9YxUb23|cdlpeTXZWmhh86A9Px6E
AXdRrubNC1W7k5esWYpqs9YxUb23|cpF6hYfRJ4ejcEkOHH33
AXdRrubNC1W7k5esWYpqs9YxUb23|cupyrpFoTGGwxu8fbUEX
AXdRrubNC1W7k5esWYpqs9YxUb23|dRpwCpu0hEVPWzREh30F
AXdRrubNC1W7k5esWYpqs9YxUb23|dhgJPsQuprmiAzVnVhdD
AXdRrubNC1W7k5esWYpqs9YxUb23|e5W5azRyuv5Ve4gvu6BP
AXdRrubNC1W7k5esWYpqs9YxUb23|eQP4ER85x2hZdSILacwx
AXdRrubNC1W7k5esWYpqs9YxUb23|eqbzOjTnWK7nY8AGlQ4W
AXdRrubNC1W7k5esWYpqs9YxUb23|f7B55F4Tlu7cMQhou0VR
AXdRrubNC1W7k5esWYpqs9YxUb23|fD0d9FtqdY07my44fQI4
AXdRrubNC1W7k5esWYpqs9YxUb23|fNtncpoouktEY7el9tXY
AXdRrubNC1W7k5esWYpqs9YxUb23|fapT8UUUXrujXjP4VOOR
AXdRrubNC1W7k5esWYpqs9YxUb23|fgTllkuxvrdioeEU6cDx
AXdRrubNC1W7k5esWYpqs9YxUb23|fkyRVOhubXAckRWOOKUM
AXdRrubNC1W7k5esWYpqs9YxUb23|ft9KyxTvnvyl7Il3gjL6
AXdRrubNC1W7k5esWYpqs9YxUb23|fusrodFW7UTI79FxRip0
AXdRrubNC1W7k5esWYpqs9YxUb23|gEjtL6RV5X5xmkkaZMyD
AXdRrubNC1W7k5esWYpqs9YxUb23|gInYO6CcZBNgyg48KvPE
AXdRrubNC1W7k5esWYpqs9YxUb23|gSfvBgQnTzk1u8q2oSOH
AXdRrubNC1W7k5esWYpqs9YxUb23|gxSdsapm08S4WqzD9RjC
AXdRrubNC1W7k5esWYpqs9YxUb23|gzeD5XSaOCfO13gHNrOv
AXdRrubNC1W7k5esWYpqs9YxUb23|h01new9oJl4sFMC3CKVc
AXdRrubNC1W7k5esWYpqs9YxUb23|hFsY8d328PZFJCotl6qX
AXdRrubNC1W7k5esWYpqs9YxUb23|hGgLHSPG74ejD5Nk9tqo
AXdRrubNC1W7k5esWYpqs9YxUb23|hNoD8e4OcR9FXCNGAuDR
AXdRrubNC1W7k5esWYpqs9YxUb23|hWx9Z4Aj9grmr2AmbAIy
AXdRrubNC1W7k5esWYpqs9YxUb23|hpBw47NQu9eJHD64ayPA
AXdRrubNC1W7k5esWYpqs9YxUb23|hwd0fHwQ3va1KEg2W0xS
AXdRrubNC1W7k5esWYpqs9YxUb23|i1guCamlJa1OwctOJBVs
AXdRrubNC1W7k5esWYpqs9YxUb23|i5dHhHhzYcOSCvuzqsyI
AXdRrubNC1W7k5esWYpqs9YxUb23|i9VRGUUDLNa2GvA4Um9m
AXdRrubNC1W7k5esWYpqs9YxUb23|ieoGjBaCUtcj5UPg1BB9
AXdRrubNC1W7k5esWYpqs9YxUb23|irUvCyXrBGtiIROLMNwI
AXdRrubNC1W7k5esWYpqs9YxUb23|jpDVA11qgn2hjh5pakWi
AXdRrubNC1W7k5esWYpqs9YxUb23|jvxihDMwMi2poxm9mlSV
AXdRrubNC1W7k5esWYpqs9YxUb23|k8CwvrWGYqRAPEbVVKX5
AXdRrubNC1W7k5esWYpqs9YxUb23|kat3IGKYVx23j3iE3qm1
AXdRrubNC1W7k5esWYpqs9YxUb23|kwxkhwgNRkAfwvplChVr
AXdRrubNC1W7k5esWYpqs9YxUb23|lLxFoRzEnSw0vfXRoeMf
AXdRrubNC1W7k5esWYpqs9YxUb23|lRF7VY4PBW28wWnnauaw
AXdRrubNC1W7k5esWYpqs9YxUb23|lY85KBfwXnbSyIFX1tCO
AXdRrubNC1W7k5esWYpqs9YxUb23|la2ctlQc58WZphTZYUba
AXdRrubNC1W7k5esWYpqs9YxUb23|lcGj1WQ60I7w6GgcLgoq
AXdRrubNC1W7k5esWYpqs9YxUb23|lthpIDTIHlbMOIZAViad
AXdRrubNC1W7k5esWYpqs9YxUb23|m32Y8ctmtklNQyo5hyEt
AXdRrubNC1W7k5esWYpqs9YxUb23|m8yXg7g0Rz9zfdYRePFp
AXdRrubNC1W7k5esWYpqs9YxUb23|m9Hj4I1vVxedegIhsIg1
AXdRrubNC1W7k5esWYpqs9YxUb23|mQDki74RuvR2eqjMtwFQ
AXdRrubNC1W7k5esWYpqs9YxUb23|mU21EUiFdU3GCwW8g91h
AXdRrubNC1W7k5esWYpqs9YxUb23|mmDHdeLrBht1ee4Dywnm
AXdRrubNC1W7k5esWYpqs9YxUb23|n4bZZVroyRrgTCH3OR4r
AXdRrubNC1W7k5esWYpqs9YxUb23|nKNaFuCiDc2f5ZQ8HDXT
AXdRrubNC1W7k5esWYpqs9YxUb23|nPKPJeFCe3f1gkCKl3mi
AXdRrubNC1W7k5esWYpqs9YxUb23|nS0aEZduaeRwCtd5mUiL
AXdRrubNC1W7k5esWYpqs9YxUb23|nV59xuitX1Gsq4p84Z03
AXdRrubNC1W7k5esWYpqs9YxUb23|ndjFqSMgdzylsqiPfgIY
AXdRrubNC1W7k5esWYpqs9YxUb23|nn0NmQGCOYuVFR0aGWRx
AXdRrubNC1W7k5esWYpqs9YxUb23|nu22FuGHf6Gc9V5xBwfL
AXdRrubNC1W7k5esWYpqs9YxUb23|ofvSMp4DGz8QmLKH9Hps
AXdRrubNC1W7k5esWYpqs9YxUb23|onazj8E3NVnHoXtTF5aS
AXdRrubNC1W7k5esWYpqs9YxUb23|ormtY7hGRw9M2TGtIwvm
AXdRrubNC1W7k5esWYpqs9YxUb23|pqOEsSbsnrgc8Kwt9GPm
AXdRrubNC1W7k5esWYpqs9YxUb23|qMPPc1nQ0whEWUlqXDij
AXdRrubNC1W7k5esWYpqs9YxUb23|qZp8B44ide7I0eMZnact
AXdRrubNC1W7k5esWYpqs9YxUb23|qbrQ1H6L3cuP5gEFEXbq
AXdRrubNC1W7k5esWYpqs9YxUb23|qjUy1APHBWwHvyBDcLr3
AXdRrubNC1W7k5esWYpqs9YxUb23|qlkRtgHH0sqKZP70nrTj
AXdRrubNC1W7k5esWYpqs9YxUb23|r56zP3URuK5LZTafordQ
AXdRrubNC1W7k5esWYpqs9YxUb23|r66QCQSIFU9QyHxNuVAT
AXdRrubNC1W7k5esWYpqs9YxUb23|r8EgAAi9sSVxQbPaUkjo
AXdRrubNC1W7k5esWYpqs9YxUb23|rBVvQrPkN0sc7n8mnZVn
AXdRrubNC1W7k5esWYpqs9YxUb23|rHomrB596GWaJ0tNaiMx
AXdRrubNC1W7k5esWYpqs9YxUb23|ra2sxzJYeQEIxIXWHC3t
AXdRrubNC1W7k5esWYpqs9YxUb23|rfCPWONfpsc3Ml8D8BPA
AXdRrubNC1W7k5esWYpqs9YxUb23|rmycIwrLnqdRUfFde4bI
AXdRrubNC1W7k5esWYpqs9YxUb23|rsdO8fumbD1qn5t0Wxgj
AXdRrubNC1W7k5esWYpqs9YxUb23|saztLVTyc6iRdWAL9udc
AXdRrubNC1W7k5esWYpqs9YxUb23|se3b7YeiLwolHD9Fa4wJ
AXdRrubNC1W7k5esWYpqs9YxUb23|slT4rDVKYQKKrszeLPs7
AXdRrubNC1W7k5esWYpqs9YxUb23|smqmbqQRYa1WBUATWoUN
AXdRrubNC1W7k5esWYpqs9YxUb23|soSjNyXM2x86LZSYMNwq
AXdRrubNC1W7k5esWYpqs9YxUb23|tUqgzFl9IBk9vCYnFlyr
AXdRrubNC1W7k5esWYpqs9YxUb23|tlUPgtJELcCADuG7Ic9W
AXdRrubNC1W7k5esWYpqs9YxUb23|tm2l3FXfUlMh2ZFJInDl
AXdRrubNC1W7k5esWYpqs9YxUb23|tmfFD4f4qjOJNpt6KvyV
AXdRrubNC1W7k5esWYpqs9YxUb23|ttCOU0TbX1qBQHe5RQeY
AXdRrubNC1W7k5esWYpqs9YxUb23|tuo3iDmV5HNVotZKXQSc
AXdRrubNC1W7k5esWYpqs9YxUb23|tvizAwm1Y8VerK0c0QmC
AXdRrubNC1W7k5esWYpqs9YxUb23|u0wZ130e8PP1bTxP0fMC
AXdRrubNC1W7k5esWYpqs9YxUb23|u6mToF1th5nKO6JzO10g
AXdRrubNC1W7k5esWYpqs9YxUb23|uNXj8FgZ0b4f3U2A7Ezz
AXdRrubNC1W7k5esWYpqs9YxUb23|uQLuFg0me4nWhg6bZnw1
AXdRrubNC1W7k5esWYpqs9YxUb23|uRI3l2fUkeJG9bgZ1mhe
AXdRrubNC1W7k5esWYpqs9YxUb23|uaInZTrmmR8kf0wg0FwX
AXdRrubNC1W7k5esWYpqs9YxUb23|udq2sUim0d5zKwQr1Coq
AXdRrubNC1W7k5esWYpqs9YxUb23|uwWxYqjmCx8gnrIeDVkL
AXdRrubNC1W7k5esWYpqs9YxUb23|vSKwyDiXHecibPT3OtiY
AXdRrubNC1W7k5esWYpqs9YxUb23|vZlU2jcRlGeYrdlGgAQP
AXdRrubNC1W7k5esWYpqs9YxUb23|vbdZZrpXX9y7SOesHpRa
AXdRrubNC1W7k5esWYpqs9YxUb23|vdgIxRQhw96w7fBT0j6g
AXdRrubNC1W7k5esWYpqs9YxUb23|w3XDTpkJ0TaUDylNgnGj
AXdRrubNC1W7k5esWYpqs9YxUb23|w6l0DVAEPaMBW4M2uoeA
AXdRrubNC1W7k5esWYpqs9YxUb23|w9u8chSG6cJEKY58Rix1
AXdRrubNC1W7k5esWYpqs9YxUb23|wA53XUyApRkebpw9ddsH
AXdRrubNC1W7k5esWYpqs9YxUb23|wR2q3qYc2cV1Uvo3ygRr
AXdRrubNC1W7k5esWYpqs9YxUb23|wc6cR1KbKsNByvGFpMfp
AXdRrubNC1W7k5esWYpqs9YxUb23|whLEYE5vzBwsHvP7BuDz
AXdRrubNC1W7k5esWYpqs9YxUb23|worvv8jWQG1OQI3dBHps
AXdRrubNC1W7k5esWYpqs9YxUb23|wyXh7EpwFWtCWhRO6aiU
AXdRrubNC1W7k5esWYpqs9YxUb23|xAidWZ5LY6XzRxu8HTrY
AXdRrubNC1W7k5esWYpqs9YxUb23|xE08GTT8XdsNv0yR8ERe
AXdRrubNC1W7k5esWYpqs9YxUb23|xWe0AnD1XYFhhzaeDqz4
AXdRrubNC1W7k5esWYpqs9YxUb23|xdfOHETz3xSavHPxiBlg
AXdRrubNC1W7k5esWYpqs9YxUb23|xfujBS4lULkOyS9He7vJ
AXdRrubNC1W7k5esWYpqs9YxUb23|y5bL3GwOLjeknyw3ejuf
AXdRrubNC1W7k5esWYpqs9YxUb23|y68pX6WeINR3wAXkekge
AXdRrubNC1W7k5esWYpqs9YxUb23|yFlGuldML4zQuiUthNIy
AXdRrubNC1W7k5esWYpqs9YxUb23|zxbQiFwkyCzSd1CAbx70
AyyFQHvhtHdzJA630jAU2WB5gba2|0FrZIkNP98yWbVRuE1Wd
AyyFQHvhtHdzJA630jAU2WB5gba2|0cCtsXbwGQqu7LoLIFmv
AyyFQHvhtHdzJA630jAU2WB5gba2|0cHxbCxG7mY7xA7l1Dpn
AyyFQHvhtHdzJA630jAU2WB5gba2|0tOD2R8VprURTzYF4b9m
AyyFQHvhtHdzJA630jAU2WB5gba2|0zwT3y7XarK0kA2m6459
AyyFQHvhtHdzJA630jAU2WB5gba2|1GOto1UFk2QuXBdSSyUj
AyyFQHvhtHdzJA630jAU2WB5gba2|1Q30dEBi2W6i358rT2g4
AyyFQHvhtHdzJA630jAU2WB5gba2|2ffKEUPN9bWtWmYMfo8C
AyyFQHvhtHdzJA630jAU2WB5gba2|2gs3DUIYZuaXqgZtU0bs
AyyFQHvhtHdzJA630jAU2WB5gba2|2sGL2xUGipXFhuTiv6yW
AyyFQHvhtHdzJA630jAU2WB5gba2|2sZA2SnVdR8wgU5Es6CK
AyyFQHvhtHdzJA630jAU2WB5gba2|2suTIt6CxtXy6j7dnAaH
AyyFQHvhtHdzJA630jAU2WB5gba2|3T805En1xjLM7v1otfWW
AyyFQHvhtHdzJA630jAU2WB5gba2|3Y0LgxYEZGlkNbfTuxdl
AyyFQHvhtHdzJA630jAU2WB5gba2|3cOmZEqJC7qH2IVGxRiw
AyyFQHvhtHdzJA630jAU2WB5gba2|3gDDKe1ZQgQF8KZnjQhy
AyyFQHvhtHdzJA630jAU2WB5gba2|4GMHtmQ3hI0XZqBcd5xh
AyyFQHvhtHdzJA630jAU2WB5gba2|4cgzaVfIfvUN75tEyrDU
AyyFQHvhtHdzJA630jAU2WB5gba2|4gMqmSyUFk7D0pvzlXii
AyyFQHvhtHdzJA630jAU2WB5gba2|5qe2CeO4TfZwtAF1T0Om
AyyFQHvhtHdzJA630jAU2WB5gba2|6w1fAu8gnSclQEt6tG69
AyyFQHvhtHdzJA630jAU2WB5gba2|6wOTPZ1CEW7nCrSq3zeO
AyyFQHvhtHdzJA630jAU2WB5gba2|94skQfrmLuKJTc2HxxCe
AyyFQHvhtHdzJA630jAU2WB5gba2|D4cHklmExEfjNrkW4sfG
AyyFQHvhtHdzJA630jAU2WB5gba2|DEbWwJ1zUoLaRTyFZ7o9
AyyFQHvhtHdzJA630jAU2WB5gba2|Fkb6xFZ2nuaHtjpy2TX9
AyyFQHvhtHdzJA630jAU2WB5gba2|GjVvYz4wrkL2AdRCfpFm
AyyFQHvhtHdzJA630jAU2WB5gba2|HP5Pqvi5xNfQGHNxjqoP
AyyFQHvhtHdzJA630jAU2WB5gba2|HwluqJAYhR2dlJQdhK6W
AyyFQHvhtHdzJA630jAU2WB5gba2|JOURwzmoLyrBqUJk7IvQ
AyyFQHvhtHdzJA630jAU2WB5gba2|LB2nCpPjTXaFp29n1oK9
AyyFQHvhtHdzJA630jAU2WB5gba2|LZo94gxCvTbGtaj0gbQ9
AyyFQHvhtHdzJA630jAU2WB5gba2|MULk4jMxkDKwlEz1dWHx
AyyFQHvhtHdzJA630jAU2WB5gba2|Mu6MZQJNnpzQR3wqmOtL
AyyFQHvhtHdzJA630jAU2WB5gba2|Ny76UajqskcBOL2NaItv
AyyFQHvhtHdzJA630jAU2WB5gba2|O63Ejo53ZPFBLKmQlTSN
AyyFQHvhtHdzJA630jAU2WB5gba2|OyRu6l4LTU77XHSrrkAp
AyyFQHvhtHdzJA630jAU2WB5gba2|PUXbCvQA0gpKw87G7PSu
AyyFQHvhtHdzJA630jAU2WB5gba2|PZzheDwN30Uv5mBucnIY
AyyFQHvhtHdzJA630jAU2WB5gba2|QUek0FlEjvmVJ6mEZqjs
AyyFQHvhtHdzJA630jAU2WB5gba2|QwPtwSBalStaUTrLj1B7
AyyFQHvhtHdzJA630jAU2WB5gba2|RX5m2jiCcGV41a08VamZ
AyyFQHvhtHdzJA630jAU2WB5gba2|U4deGZmVLp4MSrbfukq5
AyyFQHvhtHdzJA630jAU2WB5gba2|V57k93AyPVQ1aaSLK0lt
AyyFQHvhtHdzJA630jAU2WB5gba2|We4Ajg6rsjjc3tot3XVC
AyyFQHvhtHdzJA630jAU2WB5gba2|XCxsD9Z17sKFbnojvytD
AyyFQHvhtHdzJA630jAU2WB5gba2|Z9XKx47xQYoQlq0H0E0Q
AyyFQHvhtHdzJA630jAU2WB5gba2|ZuZLZYXJcE4OzhvC8JtH
AyyFQHvhtHdzJA630jAU2WB5gba2|aTCbDNJnzYccWH0wNEVL
AyyFQHvhtHdzJA630jAU2WB5gba2|b7A3yaNwG7dSE2SgQOPV
AyyFQHvhtHdzJA630jAU2WB5gba2|fusrodFW7UTI79FxRip0
AyyFQHvhtHdzJA630jAU2WB5gba2|gInYO6CcZBNgyg48KvPE
AyyFQHvhtHdzJA630jAU2WB5gba2|i5dHhHhzYcOSCvuzqsyI
AyyFQHvhtHdzJA630jAU2WB5gba2|i9VRGUUDLNa2GvA4Um9m
AyyFQHvhtHdzJA630jAU2WB5gba2|ieoGjBaCUtcj5UPg1BB9
AyyFQHvhtHdzJA630jAU2WB5gba2|lLxFoRzEnSw0vfXRoeMf
AyyFQHvhtHdzJA630jAU2WB5gba2|la2ctlQc58WZphTZYUba
AyyFQHvhtHdzJA630jAU2WB5gba2|qlkRtgHH0sqKZP70nrTj
AyyFQHvhtHdzJA630jAU2WB5gba2|r66QCQSIFU9QyHxNuVAT
AyyFQHvhtHdzJA630jAU2WB5gba2|ra2sxzJYeQEIxIXWHC3t
AyyFQHvhtHdzJA630jAU2WB5gba2|uwWxYqjmCx8gnrIeDVkL
AyyFQHvhtHdzJA630jAU2WB5gba2|whLEYE5vzBwsHvP7BuDz
BrCNV1JddkU8mXX95P7AAnpmbHs1|0cHxbCxG7mY7xA7l1Dpn
BrCNV1JddkU8mXX95P7AAnpmbHs1|0tOD2R8VprURTzYF4b9m
BrCNV1JddkU8mXX95P7AAnpmbHs1|1GOto1UFk2QuXBdSSyUj
BrCNV1JddkU8mXX95P7AAnpmbHs1|20EI9jhYnDyhjYX79yCH
BrCNV1JddkU8mXX95P7AAnpmbHs1|2ZIjNxeaNXgZS3KHhMUP
BrCNV1JddkU8mXX95P7AAnpmbHs1|2sGL2xUGipXFhuTiv6yW
BrCNV1JddkU8mXX95P7AAnpmbHs1|2sZA2SnVdR8wgU5Es6CK
BrCNV1JddkU8mXX95P7AAnpmbHs1|2suTIt6CxtXy6j7dnAaH
BrCNV1JddkU8mXX95P7AAnpmbHs1|3T805En1xjLM7v1otfWW
BrCNV1JddkU8mXX95P7AAnpmbHs1|4Dhp4WbkatmbhHjXhSGm
BrCNV1JddkU8mXX95P7AAnpmbHs1|4E8f8vxQkdziiqQaXqp1
BrCNV1JddkU8mXX95P7AAnpmbHs1|4FK6VC5Y1Wq3DAiXCfix
BrCNV1JddkU8mXX95P7AAnpmbHs1|4OOmxOSXl4C69zGwa5pN
BrCNV1JddkU8mXX95P7AAnpmbHs1|4Vg5mbuEMiXsSLtjxXil
BrCNV1JddkU8mXX95P7AAnpmbHs1|4cZ4BT60EkXGG51vObIq
BrCNV1JddkU8mXX95P7AAnpmbHs1|4cgzaVfIfvUN75tEyrDU
BrCNV1JddkU8mXX95P7AAnpmbHs1|5LWMrqRdfAsrYjtQIXgH
BrCNV1JddkU8mXX95P7AAnpmbHs1|5cuwHLDgCmvmvXnjZLAD
BrCNV1JddkU8mXX95P7AAnpmbHs1|5qe2CeO4TfZwtAF1T0Om
BrCNV1JddkU8mXX95P7AAnpmbHs1|6FZSzQjhR5oAWFp04EeI
BrCNV1JddkU8mXX95P7AAnpmbHs1|6LQyw4P7b1pKRc8mLPD1
BrCNV1JddkU8mXX95P7AAnpmbHs1|6UMDl79uSsFpnTDhWcIc
BrCNV1JddkU8mXX95P7AAnpmbHs1|6et0gXzMO2N3QTLnag8N
BrCNV1JddkU8mXX95P7AAnpmbHs1|6iemBOQjdVIjewMVtBpS
BrCNV1JddkU8mXX95P7AAnpmbHs1|7knqVmvDB7wbUZkNnmND
BrCNV1JddkU8mXX95P7AAnpmbHs1|8FVjs8dXoSLPZ3nyN0AS
BrCNV1JddkU8mXX95P7AAnpmbHs1|8RW9q9fqJVjX08Eqpb21
BrCNV1JddkU8mXX95P7AAnpmbHs1|93NFKGAegeyH8KUTlJ4g
BrCNV1JddkU8mXX95P7AAnpmbHs1|98Ksy5vMldMswNPI4EDL
BrCNV1JddkU8mXX95P7AAnpmbHs1|Anp5ECAzWZXGESoxYmLw
BrCNV1JddkU8mXX95P7AAnpmbHs1|Aq2dHkMXM74xOkkln66t
BrCNV1JddkU8mXX95P7AAnpmbHs1|C1Qm73hrFiS1LD7q90RG
BrCNV1JddkU8mXX95P7AAnpmbHs1|CFRuUH1RlhPRANHa5hjQ
BrCNV1JddkU8mXX95P7AAnpmbHs1|CQ9Gtv71tcEgUbW1OoDP
BrCNV1JddkU8mXX95P7AAnpmbHs1|CUjJmY8BfbQjAIuVUIWl
BrCNV1JddkU8mXX95P7AAnpmbHs1|CzEs3bmioDEqU8bVJJof
BrCNV1JddkU8mXX95P7AAnpmbHs1|D4cHklmExEfjNrkW4sfG
BrCNV1JddkU8mXX95P7AAnpmbHs1|DEbWwJ1zUoLaRTyFZ7o9
BrCNV1JddkU8mXX95P7AAnpmbHs1|DKeioqGHJ5HfsHwNBBtQ
BrCNV1JddkU8mXX95P7AAnpmbHs1|EtsKXIMC6Y2EiwAI2yKT
BrCNV1JddkU8mXX95P7AAnpmbHs1|EvCi6H86jQh0cWYqHsGe
BrCNV1JddkU8mXX95P7AAnpmbHs1|FQKVqZJwY3vKT0Kmaf2C
BrCNV1JddkU8mXX95P7AAnpmbHs1|FfyN1tYpse8Wi3G0AeaZ
BrCNV1JddkU8mXX95P7AAnpmbHs1|Fkb6xFZ2nuaHtjpy2TX9
BrCNV1JddkU8mXX95P7AAnpmbHs1|G8cJdgspZCNn0XcDoWVQ
BrCNV1JddkU8mXX95P7AAnpmbHs1|GBYms7RzsT9aOOsOp8EX
BrCNV1JddkU8mXX95P7AAnpmbHs1|GjVvYz4wrkL2AdRCfpFm
BrCNV1JddkU8mXX95P7AAnpmbHs1|GkKlzHKqL95eypd00QuN
BrCNV1JddkU8mXX95P7AAnpmbHs1|GrKyn9VnaLbVvDLP5O7i
BrCNV1JddkU8mXX95P7AAnpmbHs1|GwA3L2nmIoa3woX8NjFK
BrCNV1JddkU8mXX95P7AAnpmbHs1|HP5Pqvi5xNfQGHNxjqoP
BrCNV1JddkU8mXX95P7AAnpmbHs1|HrEizMweIDPGEw5bo0j0
BrCNV1JddkU8mXX95P7AAnpmbHs1|Hs3ZROuWHpalusM8lQbl
BrCNV1JddkU8mXX95P7AAnpmbHs1|HvidS0y8l8gFZ44zBKqX
BrCNV1JddkU8mXX95P7AAnpmbHs1|HwluqJAYhR2dlJQdhK6W
BrCNV1JddkU8mXX95P7AAnpmbHs1|JBPpzOXYsHwoqVLBgY61
BrCNV1JddkU8mXX95P7AAnpmbHs1|JOURwzmoLyrBqUJk7IvQ
BrCNV1JddkU8mXX95P7AAnpmbHs1|JbUU8JQjl7vG82TIiaM7
BrCNV1JddkU8mXX95P7AAnpmbHs1|KMFNTun2v3YwtF0ev0lf
BrCNV1JddkU8mXX95P7AAnpmbHs1|KVuR3hHNmtAJqzTTm6ft
BrCNV1JddkU8mXX95P7AAnpmbHs1|KYocFZce0YtJpZ1EIZNL
BrCNV1JddkU8mXX95P7AAnpmbHs1|KZeRIuuowLFY7MVp7hfs
BrCNV1JddkU8mXX95P7AAnpmbHs1|KquIX3I9Ba7DlARD4mN8
BrCNV1JddkU8mXX95P7AAnpmbHs1|LB2nCpPjTXaFp29n1oK9
BrCNV1JddkU8mXX95P7AAnpmbHs1|LZo94gxCvTbGtaj0gbQ9
BrCNV1JddkU8mXX95P7AAnpmbHs1|LxXOqbRi1eZXa3ZbvRKC
BrCNV1JddkU8mXX95P7AAnpmbHs1|M2QOrhWjzZrKe55NGH5x
BrCNV1JddkU8mXX95P7AAnpmbHs1|M4au4PIV4RCWllno2mvW
BrCNV1JddkU8mXX95P7AAnpmbHs1|MFdNRp6YeWFWGoXvzMbc
BrCNV1JddkU8mXX95P7AAnpmbHs1|MJ9r7ksxWrEI3t90evMl
BrCNV1JddkU8mXX95P7AAnpmbHs1|MmQFQQpByfoee6gScpkr
BrCNV1JddkU8mXX95P7AAnpmbHs1|MteYA0hr9MjQtvw8Faa6
BrCNV1JddkU8mXX95P7AAnpmbHs1|Mu6MZQJNnpzQR3wqmOtL
BrCNV1JddkU8mXX95P7AAnpmbHs1|MzMVsXcnx96Yuv0sQShH
BrCNV1JddkU8mXX95P7AAnpmbHs1|N0yFQpxUqQ8wqoPnydqz
BrCNV1JddkU8mXX95P7AAnpmbHs1|NHYhotmZ9fzrGCdMyyj0
BrCNV1JddkU8mXX95P7AAnpmbHs1|Nau0T1kRlYFDRYHNDmNU
BrCNV1JddkU8mXX95P7AAnpmbHs1|NnbNj0YdGbnV26EMEYMT
BrCNV1JddkU8mXX95P7AAnpmbHs1|Ny76UajqskcBOL2NaItv
BrCNV1JddkU8mXX95P7AAnpmbHs1|NyPU3SDyNOUJQ9tn5ini
BrCNV1JddkU8mXX95P7AAnpmbHs1|O63Ejo53ZPFBLKmQlTSN
BrCNV1JddkU8mXX95P7AAnpmbHs1|OWVXhUIxqXtwH8aocsxV
BrCNV1JddkU8mXX95P7AAnpmbHs1|OkTXn2CQcmcepio8aQgt
BrCNV1JddkU8mXX95P7AAnpmbHs1|OyRu6l4LTU77XHSrrkAp
BrCNV1JddkU8mXX95P7AAnpmbHs1|PZzheDwN30Uv5mBucnIY
BrCNV1JddkU8mXX95P7AAnpmbHs1|QUek0FlEjvmVJ6mEZqjs
BrCNV1JddkU8mXX95P7AAnpmbHs1|QVlQNSfbvWcP3HWYGbRa
BrCNV1JddkU8mXX95P7AAnpmbHs1|QXoPUk5MZxBcZZthdu3L
BrCNV1JddkU8mXX95P7AAnpmbHs1|QusFWFThqn46h6o5UYzX
BrCNV1JddkU8mXX95P7AAnpmbHs1|QwPtwSBalStaUTrLj1B7
BrCNV1JddkU8mXX95P7AAnpmbHs1|R3KGOBTFrptccsRge872
BrCNV1JddkU8mXX95P7AAnpmbHs1|RX5m2jiCcGV41a08VamZ
BrCNV1JddkU8mXX95P7AAnpmbHs1|RZ1mcaEL4W65amydapir
BrCNV1JddkU8mXX95P7AAnpmbHs1|S7Gj8Vk9Xlg7NaWiOvpg
BrCNV1JddkU8mXX95P7AAnpmbHs1|SUdfbdQEqj2hZIeXWDFy
BrCNV1JddkU8mXX95P7AAnpmbHs1|SufDdUOOautPR98RxTvC
BrCNV1JddkU8mXX95P7AAnpmbHs1|TO7oeZsBkpmbA7OR9AC1
BrCNV1JddkU8mXX95P7AAnpmbHs1|TgM4SVyzDLCxW5D3EU9n
BrCNV1JddkU8mXX95P7AAnpmbHs1|ToTOH2fixdfznJiWHC57
BrCNV1JddkU8mXX95P7AAnpmbHs1|U4deGZmVLp4MSrbfukq5
BrCNV1JddkU8mXX95P7AAnpmbHs1|UBAfTJMNye5pWPPYEXHj
BrCNV1JddkU8mXX95P7AAnpmbHs1|UUy3EGYSGDzb6Md7e4On
BrCNV1JddkU8mXX95P7AAnpmbHs1|UY5MSNvTSeHwqIfB9Les
BrCNV1JddkU8mXX95P7AAnpmbHs1|UfmtbpnBWLT6TwhlGkBZ
BrCNV1JddkU8mXX95P7AAnpmbHs1|Uml7KVv2DumqipUgzdZm
BrCNV1JddkU8mXX95P7AAnpmbHs1|UvocZZUFd9S92e4hBWdq
BrCNV1JddkU8mXX95P7AAnpmbHs1|V57k93AyPVQ1aaSLK0lt
BrCNV1JddkU8mXX95P7AAnpmbHs1|VHZjifoy8j85X6gCZXAO
BrCNV1JddkU8mXX95P7AAnpmbHs1|WK2rthVFmsf59GWBq794
BrCNV1JddkU8mXX95P7AAnpmbHs1|WOKqhP20UhvXytiiXvEg
BrCNV1JddkU8mXX95P7AAnpmbHs1|We4Ajg6rsjjc3tot3XVC
BrCNV1JddkU8mXX95P7AAnpmbHs1|WrkvRTIIevVjTT9tpmsz
BrCNV1JddkU8mXX95P7AAnpmbHs1|X3PgQ5r4QWWUkr9XB39b
BrCNV1JddkU8mXX95P7AAnpmbHs1|XCxsD9Z17sKFbnojvytD
BrCNV1JddkU8mXX95P7AAnpmbHs1|XjtwnfkvFh9g8ujzfeAp
BrCNV1JddkU8mXX95P7AAnpmbHs1|Y05g799uBqRgVY4bvege
BrCNV1JddkU8mXX95P7AAnpmbHs1|YBDocENcW5JcLDpKta74
BrCNV1JddkU8mXX95P7AAnpmbHs1|YORCGQp2hleCXcjdECVm
BrCNV1JddkU8mXX95P7AAnpmbHs1|YUmuvJL4Knt5tLYZ5ETM
BrCNV1JddkU8mXX95P7AAnpmbHs1|YqmW8Tv01yDCWDGiWpor
BrCNV1JddkU8mXX95P7AAnpmbHs1|Z8uzg2z1V3g7vwsYgpVD
BrCNV1JddkU8mXX95P7AAnpmbHs1|Z9XKx47xQYoQlq0H0E0Q
BrCNV1JddkU8mXX95P7AAnpmbHs1|Zkw2rHYaRdoD3iOncDtI
BrCNV1JddkU8mXX95P7AAnpmbHs1|ZuZLZYXJcE4OzhvC8JtH
BrCNV1JddkU8mXX95P7AAnpmbHs1|a47FliX7pqrzD9d74wl3
BrCNV1JddkU8mXX95P7AAnpmbHs1|aTCbDNJnzYccWH0wNEVL
BrCNV1JddkU8mXX95P7AAnpmbHs1|b7A3yaNwG7dSE2SgQOPV
BrCNV1JddkU8mXX95P7AAnpmbHs1|bFiv9YoMuauGTGuV5xpx
BrCNV1JddkU8mXX95P7AAnpmbHs1|bG3ClDtAuqJ0iqKpPwOX
BrCNV1JddkU8mXX95P7AAnpmbHs1|bGh11OlkT0xUgU1o8uP6
BrCNV1JddkU8mXX95P7AAnpmbHs1|bRYZr3Iww3seYuw5EAf8
BrCNV1JddkU8mXX95P7AAnpmbHs1|bUgtiNZAbEU4aqlKOuKC
BrCNV1JddkU8mXX95P7AAnpmbHs1|biqaljjE0SxU3KyA47BJ
BrCNV1JddkU8mXX95P7AAnpmbHs1|c6UC0PuGlTiXUYvlxocX
BrCNV1JddkU8mXX95P7AAnpmbHs1|cMgrWSLgqY4Y5eG5XvU1
BrCNV1JddkU8mXX95P7AAnpmbHs1|cpF6hYfRJ4ejcEkOHH33
BrCNV1JddkU8mXX95P7AAnpmbHs1|dRpwCpu0hEVPWzREh30F
BrCNV1JddkU8mXX95P7AAnpmbHs1|e5W5azRyuv5Ve4gvu6BP
BrCNV1JddkU8mXX95P7AAnpmbHs1|f7B55F4Tlu7cMQhou0VR
BrCNV1JddkU8mXX95P7AAnpmbHs1|fD0d9FtqdY07my44fQI4
BrCNV1JddkU8mXX95P7AAnpmbHs1|fapT8UUUXrujXjP4VOOR
BrCNV1JddkU8mXX95P7AAnpmbHs1|ft9KyxTvnvyl7Il3gjL6
BrCNV1JddkU8mXX95P7AAnpmbHs1|fusrodFW7UTI79FxRip0
BrCNV1JddkU8mXX95P7AAnpmbHs1|gInYO6CcZBNgyg48KvPE
BrCNV1JddkU8mXX95P7AAnpmbHs1|gzeD5XSaOCfO13gHNrOv
BrCNV1JddkU8mXX95P7AAnpmbHs1|h01new9oJl4sFMC3CKVc
BrCNV1JddkU8mXX95P7AAnpmbHs1|hFsY8d328PZFJCotl6qX
BrCNV1JddkU8mXX95P7AAnpmbHs1|hGgLHSPG74ejD5Nk9tqo
BrCNV1JddkU8mXX95P7AAnpmbHs1|hpBw47NQu9eJHD64ayPA
BrCNV1JddkU8mXX95P7AAnpmbHs1|hwd0fHwQ3va1KEg2W0xS
BrCNV1JddkU8mXX95P7AAnpmbHs1|i1guCamlJa1OwctOJBVs
BrCNV1JddkU8mXX95P7AAnpmbHs1|i5dHhHhzYcOSCvuzqsyI
BrCNV1JddkU8mXX95P7AAnpmbHs1|i9VRGUUDLNa2GvA4Um9m
BrCNV1JddkU8mXX95P7AAnpmbHs1|ieoGjBaCUtcj5UPg1BB9
BrCNV1JddkU8mXX95P7AAnpmbHs1|jvxihDMwMi2poxm9mlSV
BrCNV1JddkU8mXX95P7AAnpmbHs1|k8CwvrWGYqRAPEbVVKX5
BrCNV1JddkU8mXX95P7AAnpmbHs1|kat3IGKYVx23j3iE3qm1
BrCNV1JddkU8mXX95P7AAnpmbHs1|kwxkhwgNRkAfwvplChVr
BrCNV1JddkU8mXX95P7AAnpmbHs1|lLxFoRzEnSw0vfXRoeMf
BrCNV1JddkU8mXX95P7AAnpmbHs1|lRF7VY4PBW28wWnnauaw
BrCNV1JddkU8mXX95P7AAnpmbHs1|lY85KBfwXnbSyIFX1tCO
BrCNV1JddkU8mXX95P7AAnpmbHs1|la2ctlQc58WZphTZYUba
BrCNV1JddkU8mXX95P7AAnpmbHs1|lcGj1WQ60I7w6GgcLgoq
BrCNV1JddkU8mXX95P7AAnpmbHs1|m32Y8ctmtklNQyo5hyEt
BrCNV1JddkU8mXX95P7AAnpmbHs1|mU21EUiFdU3GCwW8g91h
BrCNV1JddkU8mXX95P7AAnpmbHs1|mmDHdeLrBht1ee4Dywnm
BrCNV1JddkU8mXX95P7AAnpmbHs1|nKNaFuCiDc2f5ZQ8HDXT
BrCNV1JddkU8mXX95P7AAnpmbHs1|nS0aEZduaeRwCtd5mUiL
BrCNV1JddkU8mXX95P7AAnpmbHs1|nV59xuitX1Gsq4p84Z03
BrCNV1JddkU8mXX95P7AAnpmbHs1|ndjFqSMgdzylsqiPfgIY
BrCNV1JddkU8mXX95P7AAnpmbHs1|nn0NmQGCOYuVFR0aGWRx
BrCNV1JddkU8mXX95P7AAnpmbHs1|onazj8E3NVnHoXtTF5aS
BrCNV1JddkU8mXX95P7AAnpmbHs1|ormtY7hGRw9M2TGtIwvm
BrCNV1JddkU8mXX95P7AAnpmbHs1|qMPPc1nQ0whEWUlqXDij
BrCNV1JddkU8mXX95P7AAnpmbHs1|qZp8B44ide7I0eMZnact
BrCNV1JddkU8mXX95P7AAnpmbHs1|qjUy1APHBWwHvyBDcLr3
BrCNV1JddkU8mXX95P7AAnpmbHs1|qlkRtgHH0sqKZP70nrTj
BrCNV1JddkU8mXX95P7AAnpmbHs1|r66QCQSIFU9QyHxNuVAT
BrCNV1JddkU8mXX95P7AAnpmbHs1|r8EgAAi9sSVxQbPaUkjo
BrCNV1JddkU8mXX95P7AAnpmbHs1|rBVvQrPkN0sc7n8mnZVn
BrCNV1JddkU8mXX95P7AAnpmbHs1|rHomrB596GWaJ0tNaiMx
BrCNV1JddkU8mXX95P7AAnpmbHs1|ra2sxzJYeQEIxIXWHC3t
BrCNV1JddkU8mXX95P7AAnpmbHs1|rsdO8fumbD1qn5t0Wxgj
BrCNV1JddkU8mXX95P7AAnpmbHs1|saztLVTyc6iRdWAL9udc
BrCNV1JddkU8mXX95P7AAnpmbHs1|smqmbqQRYa1WBUATWoUN
BrCNV1JddkU8mXX95P7AAnpmbHs1|soSjNyXM2x86LZSYMNwq
BrCNV1JddkU8mXX95P7AAnpmbHs1|tUqgzFl9IBk9vCYnFlyr
BrCNV1JddkU8mXX95P7AAnpmbHs1|tm2l3FXfUlMh2ZFJInDl
BrCNV1JddkU8mXX95P7AAnpmbHs1|ttCOU0TbX1qBQHe5RQeY
BrCNV1JddkU8mXX95P7AAnpmbHs1|u0wZ130e8PP1bTxP0fMC
BrCNV1JddkU8mXX95P7AAnpmbHs1|u6mToF1th5nKO6JzO10g
BrCNV1JddkU8mXX95P7AAnpmbHs1|uNXj8FgZ0b4f3U2A7Ezz
BrCNV1JddkU8mXX95P7AAnpmbHs1|uRI3l2fUkeJG9bgZ1mhe
BrCNV1JddkU8mXX95P7AAnpmbHs1|udq2sUim0d5zKwQr1Coq
BrCNV1JddkU8mXX95P7AAnpmbHs1|uwWxYqjmCx8gnrIeDVkL
BrCNV1JddkU8mXX95P7AAnpmbHs1|vZlU2jcRlGeYrdlGgAQP
BrCNV1JddkU8mXX95P7AAnpmbHs1|vbdZZrpXX9y7SOesHpRa
BrCNV1JddkU8mXX95P7AAnpmbHs1|w3XDTpkJ0TaUDylNgnGj
BrCNV1JddkU8mXX95P7AAnpmbHs1|w6l0DVAEPaMBW4M2uoeA
BrCNV1JddkU8mXX95P7AAnpmbHs1|w9u8chSG6cJEKY58Rix1
BrCNV1JddkU8mXX95P7AAnpmbHs1|wc6cR1KbKsNByvGFpMfp
BrCNV1JddkU8mXX95P7AAnpmbHs1|whLEYE5vzBwsHvP7BuDz
BrCNV1JddkU8mXX95P7AAnpmbHs1|worvv8jWQG1OQI3dBHps
BrCNV1JddkU8mXX95P7AAnpmbHs1|wyXh7EpwFWtCWhRO6aiU
BrCNV1JddkU8mXX95P7AAnpmbHs1|xE08GTT8XdsNv0yR8ERe
BrCNV1JddkU8mXX95P7AAnpmbHs1|xdfOHETz3xSavHPxiBlg
BrCNV1JddkU8mXX95P7AAnpmbHs1|xfujBS4lULkOyS9He7vJ
BrCNV1JddkU8mXX95P7AAnpmbHs1|y68pX6WeINR3wAXkekge
BrCNV1JddkU8mXX95P7AAnpmbHs1|yFlGuldML4zQuiUthNIy
C71zxN4ZjTQuIccCChEJAmhTj693|0FrZIkNP98yWbVRuE1Wd
C71zxN4ZjTQuIccCChEJAmhTj693|0cCtsXbwGQqu7LoLIFmv
C71zxN4ZjTQuIccCChEJAmhTj693|0cHxbCxG7mY7xA7l1Dpn
C71zxN4ZjTQuIccCChEJAmhTj693|0tOD2R8VprURTzYF4b9m
C71zxN4ZjTQuIccCChEJAmhTj693|0zwT3y7XarK0kA2m6459
C71zxN4ZjTQuIccCChEJAmhTj693|1GOto1UFk2QuXBdSSyUj
C71zxN4ZjTQuIccCChEJAmhTj693|1Q30dEBi2W6i358rT2g4
C71zxN4ZjTQuIccCChEJAmhTj693|2ffKEUPN9bWtWmYMfo8C
C71zxN4ZjTQuIccCChEJAmhTj693|2gs3DUIYZuaXqgZtU0bs
C71zxN4ZjTQuIccCChEJAmhTj693|2sGL2xUGipXFhuTiv6yW
C71zxN4ZjTQuIccCChEJAmhTj693|2sZA2SnVdR8wgU5Es6CK
C71zxN4ZjTQuIccCChEJAmhTj693|2suTIt6CxtXy6j7dnAaH
C71zxN4ZjTQuIccCChEJAmhTj693|3T805En1xjLM7v1otfWW
C71zxN4ZjTQuIccCChEJAmhTj693|3Y0LgxYEZGlkNbfTuxdl
C71zxN4ZjTQuIccCChEJAmhTj693|3cOmZEqJC7qH2IVGxRiw
C71zxN4ZjTQuIccCChEJAmhTj693|3gDDKe1ZQgQF8KZnjQhy
C71zxN4ZjTQuIccCChEJAmhTj693|4GMHtmQ3hI0XZqBcd5xh
C71zxN4ZjTQuIccCChEJAmhTj693|4cgzaVfIfvUN75tEyrDU
C71zxN4ZjTQuIccCChEJAmhTj693|4gMqmSyUFk7D0pvzlXii
C71zxN4ZjTQuIccCChEJAmhTj693|5qe2CeO4TfZwtAF1T0Om
C71zxN4ZjTQuIccCChEJAmhTj693|6w1fAu8gnSclQEt6tG69
C71zxN4ZjTQuIccCChEJAmhTj693|6wOTPZ1CEW7nCrSq3zeO
C71zxN4ZjTQuIccCChEJAmhTj693|94skQfrmLuKJTc2HxxCe
C71zxN4ZjTQuIccCChEJAmhTj693|D4cHklmExEfjNrkW4sfG
C71zxN4ZjTQuIccCChEJAmhTj693|DEbWwJ1zUoLaRTyFZ7o9
C71zxN4ZjTQuIccCChEJAmhTj693|Fkb6xFZ2nuaHtjpy2TX9
C71zxN4ZjTQuIccCChEJAmhTj693|GjVvYz4wrkL2AdRCfpFm
C71zxN4ZjTQuIccCChEJAmhTj693|HP5Pqvi5xNfQGHNxjqoP
C71zxN4ZjTQuIccCChEJAmhTj693|HwluqJAYhR2dlJQdhK6W
C71zxN4ZjTQuIccCChEJAmhTj693|JOURwzmoLyrBqUJk7IvQ
C71zxN4ZjTQuIccCChEJAmhTj693|LB2nCpPjTXaFp29n1oK9
C71zxN4ZjTQuIccCChEJAmhTj693|LZo94gxCvTbGtaj0gbQ9
C71zxN4ZjTQuIccCChEJAmhTj693|MULk4jMxkDKwlEz1dWHx
C71zxN4ZjTQuIccCChEJAmhTj693|Mu6MZQJNnpzQR3wqmOtL
C71zxN4ZjTQuIccCChEJAmhTj693|Ny76UajqskcBOL2NaItv
C71zxN4ZjTQuIccCChEJAmhTj693|O63Ejo53ZPFBLKmQlTSN
C71zxN4ZjTQuIccCChEJAmhTj693|OyRu6l4LTU77XHSrrkAp
C71zxN4ZjTQuIccCChEJAmhTj693|PUXbCvQA0gpKw87G7PSu
C71zxN4ZjTQuIccCChEJAmhTj693|PZzheDwN30Uv5mBucnIY
C71zxN4ZjTQuIccCChEJAmhTj693|QUek0FlEjvmVJ6mEZqjs
C71zxN4ZjTQuIccCChEJAmhTj693|QwPtwSBalStaUTrLj1B7
C71zxN4ZjTQuIccCChEJAmhTj693|RX5m2jiCcGV41a08VamZ
C71zxN4ZjTQuIccCChEJAmhTj693|U4deGZmVLp4MSrbfukq5
C71zxN4ZjTQuIccCChEJAmhTj693|V57k93AyPVQ1aaSLK0lt
C71zxN4ZjTQuIccCChEJAmhTj693|We4Ajg6rsjjc3tot3XVC
C71zxN4ZjTQuIccCChEJAmhTj693|XCxsD9Z17sKFbnojvytD
C71zxN4ZjTQuIccCChEJAmhTj693|Z9XKx47xQYoQlq0H0E0Q
C71zxN4ZjTQuIccCChEJAmhTj693|ZuZLZYXJcE4OzhvC8JtH
C71zxN4ZjTQuIccCChEJAmhTj693|aTCbDNJnzYccWH0wNEVL
C71zxN4ZjTQuIccCChEJAmhTj693|b7A3yaNwG7dSE2SgQOPV
C71zxN4ZjTQuIccCChEJAmhTj693|fusrodFW7UTI79FxRip0
C71zxN4ZjTQuIccCChEJAmhTj693|gInYO6CcZBNgyg48KvPE
C71zxN4ZjTQuIccCChEJAmhTj693|i5dHhHhzYcOSCvuzqsyI
C71zxN4ZjTQuIccCChEJAmhTj693|i9VRGUUDLNa2GvA4Um9m
C71zxN4ZjTQuIccCChEJAmhTj693|ieoGjBaCUtcj5UPg1BB9
C71zxN4ZjTQuIccCChEJAmhTj693|lLxFoRzEnSw0vfXRoeMf
C71zxN4ZjTQuIccCChEJAmhTj693|la2ctlQc58WZphTZYUba
C71zxN4ZjTQuIccCChEJAmhTj693|qlkRtgHH0sqKZP70nrTj
C71zxN4ZjTQuIccCChEJAmhTj693|r66QCQSIFU9QyHxNuVAT
C71zxN4ZjTQuIccCChEJAmhTj693|ra2sxzJYeQEIxIXWHC3t
C71zxN4ZjTQuIccCChEJAmhTj693|uwWxYqjmCx8gnrIeDVkL
C71zxN4ZjTQuIccCChEJAmhTj693|whLEYE5vzBwsHvP7BuDz
CdbYCnLTQfgKXVS7lJTQ7H80rvg2|0cHxbCxG7mY7xA7l1Dpn
CdbYCnLTQfgKXVS7lJTQ7H80rvg2|0s4fAbVOqdJv7eYcZ5Zr
CdbYCnLTQfgKXVS7lJTQ7H80rvg2|0tOD2R8VprURTzYF4b9m
CdbYCnLTQfgKXVS7lJTQ7H80rvg2|0zwT3y7XarK0kA2m6459
CdbYCnLTQfgKXVS7lJTQ7H80rvg2|1GOto1UFk2QuXBdSSyUj
CdbYCnLTQfgKXVS7lJTQ7H80rvg2|1lZkdgEeh9MLTJfUYnby
CdbYCnLTQfgKXVS7lJTQ7H80rvg2|20EI9jhYnDyhjYX79yCH
CdbYCnLTQfgKXVS7lJTQ7H80rvg2|2ZIjNxeaNXgZS3KHhMUP
CdbYCnLTQfgKXVS7lJTQ7H80rvg2|2ffKEUPN9bWtWmYMfo8C
CdbYCnLTQfgKXVS7lJTQ7H80rvg2|2sGL2xUGipXFhuTiv6yW
CdbYCnLTQfgKXVS7lJTQ7H80rvg2|2sZA2SnVdR8wgU5Es6CK
CdbYCnLTQfgKXVS7lJTQ7H80rvg2|3HDnaI0Tifr70zhnaPK8
CdbYCnLTQfgKXVS7lJTQ7H80rvg2|3Kcolr6Llq9geCIQ6RQ7
CdbYCnLTQfgKXVS7lJTQ7H80rvg2|3T805En1xjLM7v1otfWW
CdbYCnLTQfgKXVS7lJTQ7H80rvg2|3cOmZEqJC7qH2IVGxRiw
CdbYCnLTQfgKXVS7lJTQ7H80rvg2|3gDDKe1ZQgQF8KZnjQhy
CdbYCnLTQfgKXVS7lJTQ7H80rvg2|4Dhp4WbkatmbhHjXhSGm
CdbYCnLTQfgKXVS7lJTQ7H80rvg2|4E8f8vxQkdziiqQaXqp1
CdbYCnLTQfgKXVS7lJTQ7H80rvg2|4FK6VC5Y1Wq3DAiXCfix
CdbYCnLTQfgKXVS7lJTQ7H80rvg2|4GMHtmQ3hI0XZqBcd5xh
CdbYCnLTQfgKXVS7lJTQ7H80rvg2|4OOmxOSXl4C69zGwa5pN
CdbYCnLTQfgKXVS7lJTQ7H80rvg2|4Vg5mbuEMiXsSLtjxXil
CdbYCnLTQfgKXVS7lJTQ7H80rvg2|4cZ4BT60EkXGG51vObIq
CdbYCnLTQfgKXVS7lJTQ7H80rvg2|4cgzaVfIfvUN75tEyrDU
CdbYCnLTQfgKXVS7lJTQ7H80rvg2|4ePkkxBbKOCC5jMikeRi
CdbYCnLTQfgKXVS7lJTQ7H80rvg2|4gMqmSyUFk7D0pvzlXii
CdbYCnLTQfgKXVS7lJTQ7H80rvg2|5LWMrqRdfAsrYjtQIXgH
CdbYCnLTQfgKXVS7lJTQ7H80rvg2|5PrTkh48sy41zZhJR0zj
CdbYCnLTQfgKXVS7lJTQ7H80rvg2|5VX3v1OnZ5xw9pqm9OLa
CdbYCnLTQfgKXVS7lJTQ7H80rvg2|5cuwHLDgCmvmvXnjZLAD
CdbYCnLTQfgKXVS7lJTQ7H80rvg2|5meaJGar0MCAMtf2JhYy
CdbYCnLTQfgKXVS7lJTQ7H80rvg2|5qe2CeO4TfZwtAF1T0Om
CdbYCnLTQfgKXVS7lJTQ7H80rvg2|5tBy1dXr2IOSAPnxWdQJ
CdbYCnLTQfgKXVS7lJTQ7H80rvg2|69kzRCPLukf8EGhuP8fu
CdbYCnLTQfgKXVS7lJTQ7H80rvg2|6CaizZfb24hJSbYxbGNC
CdbYCnLTQfgKXVS7lJTQ7H80rvg2|6FZSzQjhR5oAWFp04EeI
CdbYCnLTQfgKXVS7lJTQ7H80rvg2|6LQyw4P7b1pKRc8mLPD1
CdbYCnLTQfgKXVS7lJTQ7H80rvg2|6UMDl79uSsFpnTDhWcIc
CdbYCnLTQfgKXVS7lJTQ7H80rvg2|6et0gXzMO2N3QTLnag8N
CdbYCnLTQfgKXVS7lJTQ7H80rvg2|6fkW7uZGW33SZjjF7yEb
CdbYCnLTQfgKXVS7lJTQ7H80rvg2|6iemBOQjdVIjewMVtBpS
CdbYCnLTQfgKXVS7lJTQ7H80rvg2|7XGzAmkX5iGQZgco4I3W
CdbYCnLTQfgKXVS7lJTQ7H80rvg2|7knqVmvDB7wbUZkNnmND
CdbYCnLTQfgKXVS7lJTQ7H80rvg2|8FVjs8dXoSLPZ3nyN0AS
CdbYCnLTQfgKXVS7lJTQ7H80rvg2|8RW9q9fqJVjX08Eqpb21
CdbYCnLTQfgKXVS7lJTQ7H80rvg2|8i8VDiIl6KrLWkHr02NU
CdbYCnLTQfgKXVS7lJTQ7H80rvg2|8kSn0V7567uqY3L7hDpN
CdbYCnLTQfgKXVS7lJTQ7H80rvg2|93NFKGAegeyH8KUTlJ4g
CdbYCnLTQfgKXVS7lJTQ7H80rvg2|98Ksy5vMldMswNPI4EDL
CdbYCnLTQfgKXVS7lJTQ7H80rvg2|9dISPSG4hkv1cQz8q3yd
CdbYCnLTQfgKXVS7lJTQ7H80rvg2|AM9XPp9Bt7BKd1p5zbwP
CdbYCnLTQfgKXVS7lJTQ7H80rvg2|Ab8VF86PjmhHrs4dbXK5
CdbYCnLTQfgKXVS7lJTQ7H80rvg2|Anp5ECAzWZXGESoxYmLw
CdbYCnLTQfgKXVS7lJTQ7H80rvg2|Aq2dHkMXM74xOkkln66t
CdbYCnLTQfgKXVS7lJTQ7H80rvg2|C1Qm73hrFiS1LD7q90RG
CdbYCnLTQfgKXVS7lJTQ7H80rvg2|CFRuUH1RlhPRANHa5hjQ
CdbYCnLTQfgKXVS7lJTQ7H80rvg2|CQ9Gtv71tcEgUbW1OoDP
CdbYCnLTQfgKXVS7lJTQ7H80rvg2|CUjJmY8BfbQjAIuVUIWl
CdbYCnLTQfgKXVS7lJTQ7H80rvg2|CrkC3ZpG3q4IYidPPpEP
CdbYCnLTQfgKXVS7lJTQ7H80rvg2|CzEs3bmioDEqU8bVJJof
CdbYCnLTQfgKXVS7lJTQ7H80rvg2|D4cHklmExEfjNrkW4sfG
CdbYCnLTQfgKXVS7lJTQ7H80rvg2|DEbWwJ1zUoLaRTyFZ7o9
CdbYCnLTQfgKXVS7lJTQ7H80rvg2|DKeioqGHJ5HfsHwNBBtQ
CdbYCnLTQfgKXVS7lJTQ7H80rvg2|EELiIRTmIa27zYzEjNVo
CdbYCnLTQfgKXVS7lJTQ7H80rvg2|EtsKXIMC6Y2EiwAI2yKT
CdbYCnLTQfgKXVS7lJTQ7H80rvg2|EvCi6H86jQh0cWYqHsGe
CdbYCnLTQfgKXVS7lJTQ7H80rvg2|EyFVwt3QBqvJ84x667ZJ
CdbYCnLTQfgKXVS7lJTQ7H80rvg2|F4wh67WHcNo2F7GzVSjs
CdbYCnLTQfgKXVS7lJTQ7H80rvg2|FQKVqZJwY3vKT0Kmaf2C
CdbYCnLTQfgKXVS7lJTQ7H80rvg2|FfyN1tYpse8Wi3G0AeaZ
CdbYCnLTQfgKXVS7lJTQ7H80rvg2|Fkb6xFZ2nuaHtjpy2TX9
CdbYCnLTQfgKXVS7lJTQ7H80rvg2|Fm7kljADEFhNfRgDPykx
CdbYCnLTQfgKXVS7lJTQ7H80rvg2|G7NPLi3zniT6dkMp0a6Z
CdbYCnLTQfgKXVS7lJTQ7H80rvg2|G8cJdgspZCNn0XcDoWVQ
CdbYCnLTQfgKXVS7lJTQ7H80rvg2|GBYms7RzsT9aOOsOp8EX
CdbYCnLTQfgKXVS7lJTQ7H80rvg2|GeuAuH5ERxEnjfPh7CGe
CdbYCnLTQfgKXVS7lJTQ7H80rvg2|GjVvYz4wrkL2AdRCfpFm
CdbYCnLTQfgKXVS7lJTQ7H80rvg2|GkKlzHKqL95eypd00QuN
CdbYCnLTQfgKXVS7lJTQ7H80rvg2|GrKyn9VnaLbVvDLP5O7i
CdbYCnLTQfgKXVS7lJTQ7H80rvg2|GwA3L2nmIoa3woX8NjFK
CdbYCnLTQfgKXVS7lJTQ7H80rvg2|HL1zE9PpORVdeuUU6AaU
CdbYCnLTQfgKXVS7lJTQ7H80rvg2|HP5Pqvi5xNfQGHNxjqoP
CdbYCnLTQfgKXVS7lJTQ7H80rvg2|HrEizMweIDPGEw5bo0j0
CdbYCnLTQfgKXVS7lJTQ7H80rvg2|Hs3ZROuWHpalusM8lQbl
CdbYCnLTQfgKXVS7lJTQ7H80rvg2|Htntps4UmXWSdsqeufSN
CdbYCnLTQfgKXVS7lJTQ7H80rvg2|HvidS0y8l8gFZ44zBKqX
CdbYCnLTQfgKXVS7lJTQ7H80rvg2|HwluqJAYhR2dlJQdhK6W
CdbYCnLTQfgKXVS7lJTQ7H80rvg2|I3EzEuK6oxjcbFoHmXld
CdbYCnLTQfgKXVS7lJTQ7H80rvg2|J2VfrK6m4Nu5Geun9tD3
CdbYCnLTQfgKXVS7lJTQ7H80rvg2|JBPpzOXYsHwoqVLBgY61
CdbYCnLTQfgKXVS7lJTQ7H80rvg2|JOURwzmoLyrBqUJk7IvQ
CdbYCnLTQfgKXVS7lJTQ7H80rvg2|JbUU8JQjl7vG82TIiaM7
CdbYCnLTQfgKXVS7lJTQ7H80rvg2|KMFNTun2v3YwtF0ev0lf
CdbYCnLTQfgKXVS7lJTQ7H80rvg2|KVuR3hHNmtAJqzTTm6ft
CdbYCnLTQfgKXVS7lJTQ7H80rvg2|KYocFZce0YtJpZ1EIZNL
CdbYCnLTQfgKXVS7lJTQ7H80rvg2|KZeRIuuowLFY7MVp7hfs
CdbYCnLTQfgKXVS7lJTQ7H80rvg2|KquIX3I9Ba7DlARD4mN8
CdbYCnLTQfgKXVS7lJTQ7H80rvg2|LB2nCpPjTXaFp29n1oK9
CdbYCnLTQfgKXVS7lJTQ7H80rvg2|LDoSaNQtRbto4XXG8lB2
CdbYCnLTQfgKXVS7lJTQ7H80rvg2|LEc75HxGkTjmEtohIyXJ
CdbYCnLTQfgKXVS7lJTQ7H80rvg2|LZo94gxCvTbGtaj0gbQ9
CdbYCnLTQfgKXVS7lJTQ7H80rvg2|LxXOqbRi1eZXa3ZbvRKC
CdbYCnLTQfgKXVS7lJTQ7H80rvg2|M2QOrhWjzZrKe55NGH5x
CdbYCnLTQfgKXVS7lJTQ7H80rvg2|M4O1FqqIVFH0zY7xgpSg
CdbYCnLTQfgKXVS7lJTQ7H80rvg2|M4au4PIV4RCWllno2mvW
CdbYCnLTQfgKXVS7lJTQ7H80rvg2|MFdNRp6YeWFWGoXvzMbc
CdbYCnLTQfgKXVS7lJTQ7H80rvg2|MJ9r7ksxWrEI3t90evMl
CdbYCnLTQfgKXVS7lJTQ7H80rvg2|MRDLlVVQNPY3qxushlBf
CdbYCnLTQfgKXVS7lJTQ7H80rvg2|MRU6CMGVCggdzsG4CXMy
CdbYCnLTQfgKXVS7lJTQ7H80rvg2|MmQFQQpByfoee6gScpkr
CdbYCnLTQfgKXVS7lJTQ7H80rvg2|MteYA0hr9MjQtvw8Faa6
CdbYCnLTQfgKXVS7lJTQ7H80rvg2|Mu6MZQJNnpzQR3wqmOtL
CdbYCnLTQfgKXVS7lJTQ7H80rvg2|MzMVsXcnx96Yuv0sQShH
CdbYCnLTQfgKXVS7lJTQ7H80rvg2|N0yFQpxUqQ8wqoPnydqz
CdbYCnLTQfgKXVS7lJTQ7H80rvg2|NHYhotmZ9fzrGCdMyyj0
CdbYCnLTQfgKXVS7lJTQ7H80rvg2|NHcKYL4YChTYh38TndN0
CdbYCnLTQfgKXVS7lJTQ7H80rvg2|NOF2jd1AgWT19BpooZYo
CdbYCnLTQfgKXVS7lJTQ7H80rvg2|Nau0T1kRlYFDRYHNDmNU
CdbYCnLTQfgKXVS7lJTQ7H80rvg2|NnbNj0YdGbnV26EMEYMT
CdbYCnLTQfgKXVS7lJTQ7H80rvg2|NufuAN5RYJCQ7sUgEaJD
CdbYCnLTQfgKXVS7lJTQ7H80rvg2|Ny76UajqskcBOL2NaItv
CdbYCnLTQfgKXVS7lJTQ7H80rvg2|NyPU3SDyNOUJQ9tn5ini
CdbYCnLTQfgKXVS7lJTQ7H80rvg2|O63Ejo53ZPFBLKmQlTSN
CdbYCnLTQfgKXVS7lJTQ7H80rvg2|OWVXhUIxqXtwH8aocsxV
CdbYCnLTQfgKXVS7lJTQ7H80rvg2|Od203cLq9fWOCXrWMZUx
CdbYCnLTQfgKXVS7lJTQ7H80rvg2|OeBxBnrfA6bIIdXqBxYM
CdbYCnLTQfgKXVS7lJTQ7H80rvg2|OkTXn2CQcmcepio8aQgt
CdbYCnLTQfgKXVS7lJTQ7H80rvg2|OqbV0bNdBSLfFkDckILi
CdbYCnLTQfgKXVS7lJTQ7H80rvg2|OyRu6l4LTU77XHSrrkAp
CdbYCnLTQfgKXVS7lJTQ7H80rvg2|P75pNpjoOP6jMBNoS0eH
CdbYCnLTQfgKXVS7lJTQ7H80rvg2|PZzheDwN30Uv5mBucnIY
CdbYCnLTQfgKXVS7lJTQ7H80rvg2|Q4vD57olwp88KXI1IYUL
CdbYCnLTQfgKXVS7lJTQ7H80rvg2|QQ5MpJFHrOpFlaK12vNe
CdbYCnLTQfgKXVS7lJTQ7H80rvg2|QUek0FlEjvmVJ6mEZqjs
CdbYCnLTQfgKXVS7lJTQ7H80rvg2|QVlQNSfbvWcP3HWYGbRa
CdbYCnLTQfgKXVS7lJTQ7H80rvg2|QXoPUk5MZxBcZZthdu3L
CdbYCnLTQfgKXVS7lJTQ7H80rvg2|QusFWFThqn46h6o5UYzX
CdbYCnLTQfgKXVS7lJTQ7H80rvg2|QwPtwSBalStaUTrLj1B7
CdbYCnLTQfgKXVS7lJTQ7H80rvg2|QxPgqMVyFIgKYSJbyJuu
CdbYCnLTQfgKXVS7lJTQ7H80rvg2|R3KGOBTFrptccsRge872
CdbYCnLTQfgKXVS7lJTQ7H80rvg2|RX5m2jiCcGV41a08VamZ
CdbYCnLTQfgKXVS7lJTQ7H80rvg2|RYnsLce5IQNnnGuM9HhA
CdbYCnLTQfgKXVS7lJTQ7H80rvg2|RZ1mcaEL4W65amydapir
CdbYCnLTQfgKXVS7lJTQ7H80rvg2|S7Gj8Vk9Xlg7NaWiOvpg
CdbYCnLTQfgKXVS7lJTQ7H80rvg2|SUdfbdQEqj2hZIeXWDFy
CdbYCnLTQfgKXVS7lJTQ7H80rvg2|SufDdUOOautPR98RxTvC
CdbYCnLTQfgKXVS7lJTQ7H80rvg2|T6Mon6sUtkOflOx2PpGj
CdbYCnLTQfgKXVS7lJTQ7H80rvg2|T6ft3SKAUjuh280mskSG
CdbYCnLTQfgKXVS7lJTQ7H80rvg2|TJCzeGUZYGK9BRqeVffn
CdbYCnLTQfgKXVS7lJTQ7H80rvg2|TO7oeZsBkpmbA7OR9AC1
CdbYCnLTQfgKXVS7lJTQ7H80rvg2|TgM4SVyzDLCxW5D3EU9n
CdbYCnLTQfgKXVS7lJTQ7H80rvg2|ToTOH2fixdfznJiWHC57
CdbYCnLTQfgKXVS7lJTQ7H80rvg2|TwfWmORJsUZZVKSgoWrE
CdbYCnLTQfgKXVS7lJTQ7H80rvg2|U4deGZmVLp4MSrbfukq5
CdbYCnLTQfgKXVS7lJTQ7H80rvg2|UBAfTJMNye5pWPPYEXHj
CdbYCnLTQfgKXVS7lJTQ7H80rvg2|UUy3EGYSGDzb6Md7e4On
CdbYCnLTQfgKXVS7lJTQ7H80rvg2|UY5MSNvTSeHwqIfB9Les
CdbYCnLTQfgKXVS7lJTQ7H80rvg2|UfmtbpnBWLT6TwhlGkBZ
CdbYCnLTQfgKXVS7lJTQ7H80rvg2|Uml7KVv2DumqipUgzdZm
CdbYCnLTQfgKXVS7lJTQ7H80rvg2|UvocZZUFd9S92e4hBWdq
CdbYCnLTQfgKXVS7lJTQ7H80rvg2|UydkubVYJtuudBMTt2cT
CdbYCnLTQfgKXVS7lJTQ7H80rvg2|V0dB15bpcP3qdMAEGSMd
CdbYCnLTQfgKXVS7lJTQ7H80rvg2|V57k93AyPVQ1aaSLK0lt
CdbYCnLTQfgKXVS7lJTQ7H80rvg2|V60gYNlTaPY0ByfJXjpe
CdbYCnLTQfgKXVS7lJTQ7H80rvg2|VHNuigiz12u0RFQHHxdT
CdbYCnLTQfgKXVS7lJTQ7H80rvg2|VHZjifoy8j85X6gCZXAO
CdbYCnLTQfgKXVS7lJTQ7H80rvg2|WK2rthVFmsf59GWBq794
CdbYCnLTQfgKXVS7lJTQ7H80rvg2|WOKqhP20UhvXytiiXvEg
CdbYCnLTQfgKXVS7lJTQ7H80rvg2|We4Ajg6rsjjc3tot3XVC
CdbYCnLTQfgKXVS7lJTQ7H80rvg2|WrkvRTIIevVjTT9tpmsz
CdbYCnLTQfgKXVS7lJTQ7H80rvg2|X3PgQ5r4QWWUkr9XB39b
CdbYCnLTQfgKXVS7lJTQ7H80rvg2|XCxsD9Z17sKFbnojvytD
CdbYCnLTQfgKXVS7lJTQ7H80rvg2|XRWXzB6CdsNmKeg0p7Rb
CdbYCnLTQfgKXVS7lJTQ7H80rvg2|XS7elzHPRmcyghS17BpA
CdbYCnLTQfgKXVS7lJTQ7H80rvg2|XjtwnfkvFh9g8ujzfeAp
CdbYCnLTQfgKXVS7lJTQ7H80rvg2|Y05g799uBqRgVY4bvege
CdbYCnLTQfgKXVS7lJTQ7H80rvg2|Y8T9KyoxS5dDSILkaCAV
CdbYCnLTQfgKXVS7lJTQ7H80rvg2|YBDocENcW5JcLDpKta74
CdbYCnLTQfgKXVS7lJTQ7H80rvg2|YJenr1pHLds7XCrhwiT9
CdbYCnLTQfgKXVS7lJTQ7H80rvg2|YORCGQp2hleCXcjdECVm
CdbYCnLTQfgKXVS7lJTQ7H80rvg2|YUmuvJL4Knt5tLYZ5ETM
CdbYCnLTQfgKXVS7lJTQ7H80rvg2|YqmW8Tv01yDCWDGiWpor
CdbYCnLTQfgKXVS7lJTQ7H80rvg2|Z8uzg2z1V3g7vwsYgpVD
CdbYCnLTQfgKXVS7lJTQ7H80rvg2|Z9XKx47xQYoQlq0H0E0Q
CdbYCnLTQfgKXVS7lJTQ7H80rvg2|ZQR7OH1Q3EYvCctRBgXU
CdbYCnLTQfgKXVS7lJTQ7H80rvg2|Zkw2rHYaRdoD3iOncDtI
CdbYCnLTQfgKXVS7lJTQ7H80rvg2|ZuZLZYXJcE4OzhvC8JtH
CdbYCnLTQfgKXVS7lJTQ7H80rvg2|a47FliX7pqrzD9d74wl3
CdbYCnLTQfgKXVS7lJTQ7H80rvg2|aFLhm9yinjUXMDKv0Qtn
CdbYCnLTQfgKXVS7lJTQ7H80rvg2|aTCbDNJnzYccWH0wNEVL
CdbYCnLTQfgKXVS7lJTQ7H80rvg2|azvKUhNd3vvZTS37bsIv
CdbYCnLTQfgKXVS7lJTQ7H80rvg2|b7A3yaNwG7dSE2SgQOPV
CdbYCnLTQfgKXVS7lJTQ7H80rvg2|bFiv9YoMuauGTGuV5xpx
CdbYCnLTQfgKXVS7lJTQ7H80rvg2|bG3ClDtAuqJ0iqKpPwOX
CdbYCnLTQfgKXVS7lJTQ7H80rvg2|bGh11OlkT0xUgU1o8uP6
CdbYCnLTQfgKXVS7lJTQ7H80rvg2|bRYZr3Iww3seYuw5EAf8
CdbYCnLTQfgKXVS7lJTQ7H80rvg2|bUgtiNZAbEU4aqlKOuKC
CdbYCnLTQfgKXVS7lJTQ7H80rvg2|biqaljjE0SxU3KyA47BJ
CdbYCnLTQfgKXVS7lJTQ7H80rvg2|bz484lTvvSl6rrl2PURL
CdbYCnLTQfgKXVS7lJTQ7H80rvg2|c6UC0PuGlTiXUYvlxocX
CdbYCnLTQfgKXVS7lJTQ7H80rvg2|cMgrWSLgqY4Y5eG5XvU1
CdbYCnLTQfgKXVS7lJTQ7H80rvg2|cQfNBWKwZwgAz4qgiXpt
CdbYCnLTQfgKXVS7lJTQ7H80rvg2|cdifJQGRVt4CgfNkFI7U
CdbYCnLTQfgKXVS7lJTQ7H80rvg2|cdlpeTXZWmhh86A9Px6E
CdbYCnLTQfgKXVS7lJTQ7H80rvg2|cpF6hYfRJ4ejcEkOHH33
CdbYCnLTQfgKXVS7lJTQ7H80rvg2|cupyrpFoTGGwxu8fbUEX
CdbYCnLTQfgKXVS7lJTQ7H80rvg2|dRpwCpu0hEVPWzREh30F
CdbYCnLTQfgKXVS7lJTQ7H80rvg2|dhgJPsQuprmiAzVnVhdD
CdbYCnLTQfgKXVS7lJTQ7H80rvg2|e5W5azRyuv5Ve4gvu6BP
CdbYCnLTQfgKXVS7lJTQ7H80rvg2|eQP4ER85x2hZdSILacwx
CdbYCnLTQfgKXVS7lJTQ7H80rvg2|eqbzOjTnWK7nY8AGlQ4W
CdbYCnLTQfgKXVS7lJTQ7H80rvg2|f7B55F4Tlu7cMQhou0VR
CdbYCnLTQfgKXVS7lJTQ7H80rvg2|fD0d9FtqdY07my44fQI4
CdbYCnLTQfgKXVS7lJTQ7H80rvg2|fNtncpoouktEY7el9tXY
CdbYCnLTQfgKXVS7lJTQ7H80rvg2|fapT8UUUXrujXjP4VOOR
CdbYCnLTQfgKXVS7lJTQ7H80rvg2|fgTllkuxvrdioeEU6cDx
CdbYCnLTQfgKXVS7lJTQ7H80rvg2|fkyRVOhubXAckRWOOKUM
CdbYCnLTQfgKXVS7lJTQ7H80rvg2|ft9KyxTvnvyl7Il3gjL6
CdbYCnLTQfgKXVS7lJTQ7H80rvg2|fusrodFW7UTI79FxRip0
CdbYCnLTQfgKXVS7lJTQ7H80rvg2|gEjtL6RV5X5xmkkaZMyD
CdbYCnLTQfgKXVS7lJTQ7H80rvg2|gInYO6CcZBNgyg48KvPE
CdbYCnLTQfgKXVS7lJTQ7H80rvg2|gSfvBgQnTzk1u8q2oSOH
CdbYCnLTQfgKXVS7lJTQ7H80rvg2|gxSdsapm08S4WqzD9RjC
CdbYCnLTQfgKXVS7lJTQ7H80rvg2|gzeD5XSaOCfO13gHNrOv
CdbYCnLTQfgKXVS7lJTQ7H80rvg2|h01new9oJl4sFMC3CKVc
CdbYCnLTQfgKXVS7lJTQ7H80rvg2|hFsY8d328PZFJCotl6qX
CdbYCnLTQfgKXVS7lJTQ7H80rvg2|hGgLHSPG74ejD5Nk9tqo
CdbYCnLTQfgKXVS7lJTQ7H80rvg2|hNoD8e4OcR9FXCNGAuDR
CdbYCnLTQfgKXVS7lJTQ7H80rvg2|hWx9Z4Aj9grmr2AmbAIy
CdbYCnLTQfgKXVS7lJTQ7H80rvg2|hpBw47NQu9eJHD64ayPA
CdbYCnLTQfgKXVS7lJTQ7H80rvg2|hwd0fHwQ3va1KEg2W0xS
CdbYCnLTQfgKXVS7lJTQ7H80rvg2|i1guCamlJa1OwctOJBVs
CdbYCnLTQfgKXVS7lJTQ7H80rvg2|i5dHhHhzYcOSCvuzqsyI
CdbYCnLTQfgKXVS7lJTQ7H80rvg2|i9VRGUUDLNa2GvA4Um9m
CdbYCnLTQfgKXVS7lJTQ7H80rvg2|ieoGjBaCUtcj5UPg1BB9
CdbYCnLTQfgKXVS7lJTQ7H80rvg2|irUvCyXrBGtiIROLMNwI
CdbYCnLTQfgKXVS7lJTQ7H80rvg2|jpDVA11qgn2hjh5pakWi
CdbYCnLTQfgKXVS7lJTQ7H80rvg2|jvxihDMwMi2poxm9mlSV
CdbYCnLTQfgKXVS7lJTQ7H80rvg2|k8CwvrWGYqRAPEbVVKX5
CdbYCnLTQfgKXVS7lJTQ7H80rvg2|kat3IGKYVx23j3iE3qm1
CdbYCnLTQfgKXVS7lJTQ7H80rvg2|kwxkhwgNRkAfwvplChVr
CdbYCnLTQfgKXVS7lJTQ7H80rvg2|lLxFoRzEnSw0vfXRoeMf
CdbYCnLTQfgKXVS7lJTQ7H80rvg2|lRF7VY4PBW28wWnnauaw
CdbYCnLTQfgKXVS7lJTQ7H80rvg2|lY85KBfwXnbSyIFX1tCO
CdbYCnLTQfgKXVS7lJTQ7H80rvg2|la2ctlQc58WZphTZYUba
CdbYCnLTQfgKXVS7lJTQ7H80rvg2|lcGj1WQ60I7w6GgcLgoq
CdbYCnLTQfgKXVS7lJTQ7H80rvg2|lthpIDTIHlbMOIZAViad
CdbYCnLTQfgKXVS7lJTQ7H80rvg2|m32Y8ctmtklNQyo5hyEt
CdbYCnLTQfgKXVS7lJTQ7H80rvg2|m8yXg7g0Rz9zfdYRePFp
CdbYCnLTQfgKXVS7lJTQ7H80rvg2|m9Hj4I1vVxedegIhsIg1
CdbYCnLTQfgKXVS7lJTQ7H80rvg2|mQDki74RuvR2eqjMtwFQ
CdbYCnLTQfgKXVS7lJTQ7H80rvg2|mU21EUiFdU3GCwW8g91h
CdbYCnLTQfgKXVS7lJTQ7H80rvg2|mmDHdeLrBht1ee4Dywnm
CdbYCnLTQfgKXVS7lJTQ7H80rvg2|n4bZZVroyRrgTCH3OR4r
CdbYCnLTQfgKXVS7lJTQ7H80rvg2|nKNaFuCiDc2f5ZQ8HDXT
CdbYCnLTQfgKXVS7lJTQ7H80rvg2|nPKPJeFCe3f1gkCKl3mi
CdbYCnLTQfgKXVS7lJTQ7H80rvg2|nS0aEZduaeRwCtd5mUiL
CdbYCnLTQfgKXVS7lJTQ7H80rvg2|nV59xuitX1Gsq4p84Z03
CdbYCnLTQfgKXVS7lJTQ7H80rvg2|ndjFqSMgdzylsqiPfgIY
CdbYCnLTQfgKXVS7lJTQ7H80rvg2|nn0NmQGCOYuVFR0aGWRx
CdbYCnLTQfgKXVS7lJTQ7H80rvg2|nu22FuGHf6Gc9V5xBwfL
CdbYCnLTQfgKXVS7lJTQ7H80rvg2|ofvSMp4DGz8QmLKH9Hps
CdbYCnLTQfgKXVS7lJTQ7H80rvg2|onazj8E3NVnHoXtTF5aS
CdbYCnLTQfgKXVS7lJTQ7H80rvg2|ormtY7hGRw9M2TGtIwvm
CdbYCnLTQfgKXVS7lJTQ7H80rvg2|pqOEsSbsnrgc8Kwt9GPm
CdbYCnLTQfgKXVS7lJTQ7H80rvg2|qMPPc1nQ0whEWUlqXDij
CdbYCnLTQfgKXVS7lJTQ7H80rvg2|qZp8B44ide7I0eMZnact
CdbYCnLTQfgKXVS7lJTQ7H80rvg2|qbrQ1H6L3cuP5gEFEXbq
CdbYCnLTQfgKXVS7lJTQ7H80rvg2|qjUy1APHBWwHvyBDcLr3
CdbYCnLTQfgKXVS7lJTQ7H80rvg2|qlkRtgHH0sqKZP70nrTj
CdbYCnLTQfgKXVS7lJTQ7H80rvg2|r56zP3URuK5LZTafordQ
CdbYCnLTQfgKXVS7lJTQ7H80rvg2|r66QCQSIFU9QyHxNuVAT
CdbYCnLTQfgKXVS7lJTQ7H80rvg2|r8EgAAi9sSVxQbPaUkjo
CdbYCnLTQfgKXVS7lJTQ7H80rvg2|rBVvQrPkN0sc7n8mnZVn
CdbYCnLTQfgKXVS7lJTQ7H80rvg2|rHomrB596GWaJ0tNaiMx
CdbYCnLTQfgKXVS7lJTQ7H80rvg2|ra2sxzJYeQEIxIXWHC3t
CdbYCnLTQfgKXVS7lJTQ7H80rvg2|rfCPWONfpsc3Ml8D8BPA
CdbYCnLTQfgKXVS7lJTQ7H80rvg2|rmycIwrLnqdRUfFde4bI
CdbYCnLTQfgKXVS7lJTQ7H80rvg2|rsdO8fumbD1qn5t0Wxgj
CdbYCnLTQfgKXVS7lJTQ7H80rvg2|saztLVTyc6iRdWAL9udc
CdbYCnLTQfgKXVS7lJTQ7H80rvg2|se3b7YeiLwolHD9Fa4wJ
CdbYCnLTQfgKXVS7lJTQ7H80rvg2|slT4rDVKYQKKrszeLPs7
CdbYCnLTQfgKXVS7lJTQ7H80rvg2|smqmbqQRYa1WBUATWoUN
CdbYCnLTQfgKXVS7lJTQ7H80rvg2|soSjNyXM2x86LZSYMNwq
CdbYCnLTQfgKXVS7lJTQ7H80rvg2|tUqgzFl9IBk9vCYnFlyr
CdbYCnLTQfgKXVS7lJTQ7H80rvg2|tlUPgtJELcCADuG7Ic9W
CdbYCnLTQfgKXVS7lJTQ7H80rvg2|tm2l3FXfUlMh2ZFJInDl
CdbYCnLTQfgKXVS7lJTQ7H80rvg2|tmfFD4f4qjOJNpt6KvyV
CdbYCnLTQfgKXVS7lJTQ7H80rvg2|ttCOU0TbX1qBQHe5RQeY
CdbYCnLTQfgKXVS7lJTQ7H80rvg2|tuo3iDmV5HNVotZKXQSc
CdbYCnLTQfgKXVS7lJTQ7H80rvg2|tvizAwm1Y8VerK0c0QmC
CdbYCnLTQfgKXVS7lJTQ7H80rvg2|u0wZ130e8PP1bTxP0fMC
CdbYCnLTQfgKXVS7lJTQ7H80rvg2|u6mToF1th5nKO6JzO10g
CdbYCnLTQfgKXVS7lJTQ7H80rvg2|uNXj8FgZ0b4f3U2A7Ezz
CdbYCnLTQfgKXVS7lJTQ7H80rvg2|uQLuFg0me4nWhg6bZnw1
CdbYCnLTQfgKXVS7lJTQ7H80rvg2|uRI3l2fUkeJG9bgZ1mhe
CdbYCnLTQfgKXVS7lJTQ7H80rvg2|uaInZTrmmR8kf0wg0FwX
CdbYCnLTQfgKXVS7lJTQ7H80rvg2|udq2sUim0d5zKwQr1Coq
CdbYCnLTQfgKXVS7lJTQ7H80rvg2|uwWxYqjmCx8gnrIeDVkL
CdbYCnLTQfgKXVS7lJTQ7H80rvg2|vSKwyDiXHecibPT3OtiY
CdbYCnLTQfgKXVS7lJTQ7H80rvg2|vZlU2jcRlGeYrdlGgAQP
CdbYCnLTQfgKXVS7lJTQ7H80rvg2|vbdZZrpXX9y7SOesHpRa
CdbYCnLTQfgKXVS7lJTQ7H80rvg2|vdgIxRQhw96w7fBT0j6g
CdbYCnLTQfgKXVS7lJTQ7H80rvg2|w3XDTpkJ0TaUDylNgnGj
CdbYCnLTQfgKXVS7lJTQ7H80rvg2|w6l0DVAEPaMBW4M2uoeA
CdbYCnLTQfgKXVS7lJTQ7H80rvg2|w9u8chSG6cJEKY58Rix1
CdbYCnLTQfgKXVS7lJTQ7H80rvg2|wA53XUyApRkebpw9ddsH
CdbYCnLTQfgKXVS7lJTQ7H80rvg2|wR2q3qYc2cV1Uvo3ygRr
CdbYCnLTQfgKXVS7lJTQ7H80rvg2|wc6cR1KbKsNByvGFpMfp
CdbYCnLTQfgKXVS7lJTQ7H80rvg2|whLEYE5vzBwsHvP7BuDz
CdbYCnLTQfgKXVS7lJTQ7H80rvg2|worvv8jWQG1OQI3dBHps
CdbYCnLTQfgKXVS7lJTQ7H80rvg2|wyXh7EpwFWtCWhRO6aiU
CdbYCnLTQfgKXVS7lJTQ7H80rvg2|xAidWZ5LY6XzRxu8HTrY
CdbYCnLTQfgKXVS7lJTQ7H80rvg2|xE08GTT8XdsNv0yR8ERe
CdbYCnLTQfgKXVS7lJTQ7H80rvg2|xWe0AnD1XYFhhzaeDqz4
CdbYCnLTQfgKXVS7lJTQ7H80rvg2|xdfOHETz3xSavHPxiBlg
CdbYCnLTQfgKXVS7lJTQ7H80rvg2|xfujBS4lULkOyS9He7vJ
CdbYCnLTQfgKXVS7lJTQ7H80rvg2|y5bL3GwOLjeknyw3ejuf
CdbYCnLTQfgKXVS7lJTQ7H80rvg2|y68pX6WeINR3wAXkekge
CdbYCnLTQfgKXVS7lJTQ7H80rvg2|yFlGuldML4zQuiUthNIy
CdbYCnLTQfgKXVS7lJTQ7H80rvg2|zxbQiFwkyCzSd1CAbx70
DSosxWfR8XZtcM0wzTq7jdZxnoX2|0cHxbCxG7mY7xA7l1Dpn
DSosxWfR8XZtcM0wzTq7jdZxnoX2|0tOD2R8VprURTzYF4b9m
DSosxWfR8XZtcM0wzTq7jdZxnoX2|0zwT3y7XarK0kA2m6459
DSosxWfR8XZtcM0wzTq7jdZxnoX2|1GOto1UFk2QuXBdSSyUj
DSosxWfR8XZtcM0wzTq7jdZxnoX2|2ffKEUPN9bWtWmYMfo8C
DSosxWfR8XZtcM0wzTq7jdZxnoX2|2sGL2xUGipXFhuTiv6yW
DSosxWfR8XZtcM0wzTq7jdZxnoX2|2sZA2SnVdR8wgU5Es6CK
DSosxWfR8XZtcM0wzTq7jdZxnoX2|3HDnaI0Tifr70zhnaPK8
DSosxWfR8XZtcM0wzTq7jdZxnoX2|3Kcolr6Llq9geCIQ6RQ7
DSosxWfR8XZtcM0wzTq7jdZxnoX2|3T805En1xjLM7v1otfWW
DSosxWfR8XZtcM0wzTq7jdZxnoX2|3cOmZEqJC7qH2IVGxRiw
DSosxWfR8XZtcM0wzTq7jdZxnoX2|3gDDKe1ZQgQF8KZnjQhy
DSosxWfR8XZtcM0wzTq7jdZxnoX2|4GMHtmQ3hI0XZqBcd5xh
DSosxWfR8XZtcM0wzTq7jdZxnoX2|4cgzaVfIfvUN75tEyrDU
DSosxWfR8XZtcM0wzTq7jdZxnoX2|4gMqmSyUFk7D0pvzlXii
DSosxWfR8XZtcM0wzTq7jdZxnoX2|5PrTkh48sy41zZhJR0zj
DSosxWfR8XZtcM0wzTq7jdZxnoX2|5qe2CeO4TfZwtAF1T0Om
DSosxWfR8XZtcM0wzTq7jdZxnoX2|D4cHklmExEfjNrkW4sfG
DSosxWfR8XZtcM0wzTq7jdZxnoX2|DEbWwJ1zUoLaRTyFZ7o9
DSosxWfR8XZtcM0wzTq7jdZxnoX2|Fkb6xFZ2nuaHtjpy2TX9
DSosxWfR8XZtcM0wzTq7jdZxnoX2|GjVvYz4wrkL2AdRCfpFm
DSosxWfR8XZtcM0wzTq7jdZxnoX2|HP5Pqvi5xNfQGHNxjqoP
DSosxWfR8XZtcM0wzTq7jdZxnoX2|HwluqJAYhR2dlJQdhK6W
DSosxWfR8XZtcM0wzTq7jdZxnoX2|JOURwzmoLyrBqUJk7IvQ
DSosxWfR8XZtcM0wzTq7jdZxnoX2|LB2nCpPjTXaFp29n1oK9
DSosxWfR8XZtcM0wzTq7jdZxnoX2|LZo94gxCvTbGtaj0gbQ9
DSosxWfR8XZtcM0wzTq7jdZxnoX2|Mu6MZQJNnpzQR3wqmOtL
DSosxWfR8XZtcM0wzTq7jdZxnoX2|Ny76UajqskcBOL2NaItv
DSosxWfR8XZtcM0wzTq7jdZxnoX2|O63Ejo53ZPFBLKmQlTSN
DSosxWfR8XZtcM0wzTq7jdZxnoX2|OyRu6l4LTU77XHSrrkAp
DSosxWfR8XZtcM0wzTq7jdZxnoX2|PZzheDwN30Uv5mBucnIY
DSosxWfR8XZtcM0wzTq7jdZxnoX2|QUek0FlEjvmVJ6mEZqjs
DSosxWfR8XZtcM0wzTq7jdZxnoX2|QwPtwSBalStaUTrLj1B7
DSosxWfR8XZtcM0wzTq7jdZxnoX2|RX5m2jiCcGV41a08VamZ
DSosxWfR8XZtcM0wzTq7jdZxnoX2|U4deGZmVLp4MSrbfukq5
DSosxWfR8XZtcM0wzTq7jdZxnoX2|V57k93AyPVQ1aaSLK0lt
DSosxWfR8XZtcM0wzTq7jdZxnoX2|We4Ajg6rsjjc3tot3XVC
DSosxWfR8XZtcM0wzTq7jdZxnoX2|XCxsD9Z17sKFbnojvytD
DSosxWfR8XZtcM0wzTq7jdZxnoX2|Z9XKx47xQYoQlq0H0E0Q
DSosxWfR8XZtcM0wzTq7jdZxnoX2|ZuZLZYXJcE4OzhvC8JtH
DSosxWfR8XZtcM0wzTq7jdZxnoX2|aTCbDNJnzYccWH0wNEVL
DSosxWfR8XZtcM0wzTq7jdZxnoX2|b7A3yaNwG7dSE2SgQOPV
DSosxWfR8XZtcM0wzTq7jdZxnoX2|fusrodFW7UTI79FxRip0
DSosxWfR8XZtcM0wzTq7jdZxnoX2|gInYO6CcZBNgyg48KvPE
DSosxWfR8XZtcM0wzTq7jdZxnoX2|i5dHhHhzYcOSCvuzqsyI
DSosxWfR8XZtcM0wzTq7jdZxnoX2|i9VRGUUDLNa2GvA4Um9m
DSosxWfR8XZtcM0wzTq7jdZxnoX2|ieoGjBaCUtcj5UPg1BB9
DSosxWfR8XZtcM0wzTq7jdZxnoX2|lLxFoRzEnSw0vfXRoeMf
DSosxWfR8XZtcM0wzTq7jdZxnoX2|la2ctlQc58WZphTZYUba
DSosxWfR8XZtcM0wzTq7jdZxnoX2|qlkRtgHH0sqKZP70nrTj
DSosxWfR8XZtcM0wzTq7jdZxnoX2|r66QCQSIFU9QyHxNuVAT
DSosxWfR8XZtcM0wzTq7jdZxnoX2|ra2sxzJYeQEIxIXWHC3t
DSosxWfR8XZtcM0wzTq7jdZxnoX2|uwWxYqjmCx8gnrIeDVkL
DSosxWfR8XZtcM0wzTq7jdZxnoX2|whLEYE5vzBwsHvP7BuDz
